date,firms_old_question,firms,workers,jobs_at_firms_using_ai
2023-09-10,3.7,,,
2023-09-24,3.7,,,
2023-10-08,3.8,,,
2023-10-22,3.9,,,
2023-11-05,4.4,,,
2023-11-19,4.6,,,
2023-12-03,4.9,,,
2023-12-17,4.9,,,
2023-12-31,4.6,,,
2024-01-14,5.3,,,
2024-01-28,5,,,
2024-02-11,5.4,,,
2024-02-25,4.3,,,
2024-03-10,4.4,,,
2024-03-24,4.2,,,
2024-04-07,4.8,,,
2024-04-21,4.7,,,
2024-05-05,4.8,,,
2024-05-19,4.6,,,
2024-06-02,5,,,
2024-06-16,4.7,,,
2024-06-30,5,,,
2024-07-14,5.1,,,
2024-07-28,5.1,,,
2024-08-01,,,33.27128314,
2024-08-11,5.5,,,
2024-08-25,5.7,,,
2024-09-08,5.9,,,
2024-09-22,6,,,
2024-10-06,6,,,
2024-10-20,6,,,
2024-11-01,,,31.00843899,
2024-11-03,6.1,,,
2024-11-17,6.1,,,
2024-12-01,6.1,,,
2024-12-15,6.3,,,
2024-12-29,6,,,
2025-01-12,6.7,,,
2025-01-26,6.8,,,
2025-02-01,,,32.74658004,
2025-02-09,7.3,,,
2025-02-23,7.4,,,
2025-03-09,7.8,,,
2025-03-23,8,,,
2025-04-06,8.3,,,
2025-04-20,8.7,,,
2025-05-01,,,35.07946376,
2025-05-04,8.7,,,
2025-05-18,9.2,,,
2025-06-01,9.2,,,
2025-06-15,9.3,,,
2025-06-29,9.3,,,
2025-07-13,9.4,,,
2025-07-27,8.8,,,
2025-08-01,,,37.35947427,
2025-08-10,9.7,,,
2025-08-24,9.1,,,
2025-09-07,9.9,,,
2025-09-21,10,,,
2025-11-01,,,40.73303622,
2025-11-15,,,,78
2025-11-16,,17.3,,
2025-11-30,,17.2,,
2025-12-14,,17.8,,
2025-12-28,,17.7,,
2026-01-11,,18.2,,
2026-01-25,,18.9,,
2026-02-01,,,43.41252811,
2026-02-08,,17.5,,
2026-02-22,,18.2,,
2026-03-08,,18.9,,
2026-03-22,,19.1,,
2026-04-05,,19.8,,
2026-04-19,,19.8,,
2026-05-01,,,45.19931812,
2026-05-03,,19.5,,
2026-05-17,,20.6,,
2026-05-31,,20.6,,
2026-06-14,,20.6,,
2026-06-28,,21.7,,
2026-07-12,,21.5,,
2026-07-26,,21.8,,
2026-08-09,,22.4,,
2026-08-23,,23.2,,
2026-09-06,,23.8,,
