sector,imports_base,imports_recent,tariff_rate_base,tariff_rate_recent
Copper,17.102,26.7,1.046,8.043
Aluminum,27.445,28.951,3.676,40.021
Trucks and vans,47.273,42.654,0.238,10.05
Furniture,55.557,47.124,4.669,16.598
Cell phones,50.953,50.935,0,3.919
Steel,80.972,59.277,4.424,35.14
Vehicle parts,86.685,81.82,3.927,13.681
Apparel and footwear,107.588,100.463,14.047,26.561
Passenger vehicles,217.133,170.524,1.612,15.446
Pharmaceuticals,245.001,196.517,0.028,0.339
Energy,241.334,215.365,0.143,0.047
Food and farm goods,230.954,223.185,1.53,7.063
Electrical equipment,251.717,248.496,3.554,13.275
Semiconductors and telecom equipment,165.942,253.207,1.324,2.87
Machinery,313.227,304.632,2.728,13.775
Computers and parts,217.375,521.226,0.42,0.763
