survey,median
1992-01-01,5
1993-01-01,4.1
1994-01-01,4.15
1995-01-01,5.15
1996-01-01,4.69
1997-01-01,4.95
1998-01-01,5
1999-01-01,4.5
2000-01-01,5
2001-01-01,4.5
2002-01-01,3.75
2003-01-01,4
2004-01-01,3.5
2005-01-01,3.7
2006-01-01,4.25
2007-01-01,4.5
2008-01-01,4
2009-01-01,3
2010-01-01,3
2011-01-01,3
2012-01-01,2.5
2013-01-01,2.4
2014-01-01,2.5
2015-01-01,2.6686
2016-01-01,2.5
2017-01-01,2.5
2018-01-01,2.75
2019-01-01,2.7471
2020-01-01,2.0219
2021-01-01,1.75
2022-01-01,2.25
2023-01-01,2.65
2024-01-01,2.775
2025-01-01,3.17
2026-01-01,3
