date,hyperscalers_12_month_change,treasury_12_month_change
2010-12-31,,819.792
2011-01-31,,793.478
2011-02-28,,713.892
2011-03-31,,563.65
2011-04-30,,421.263
2011-05-31,,467.451
2011-06-30,,355.413
2011-07-31,,324.12
2011-08-31,,299.526
2011-09-30,,307.264
2011-10-31,,349.218
2011-11-30,,287.625
2011-12-31,,265.177
2012-01-31,,359.757
2012-02-29,,369.103
2012-03-31,,358.628
2012-04-30,,478.497
2012-05-31,,458.121
2012-06-30,,412.973
2012-07-31,,494.675
2012-08-31,,393.138
2012-09-30,,286.833
2012-10-31,,336.715
2012-11-30,,346.642
2012-12-31,,382.601
2013-01-31,,292.444
2013-02-28,,295.905
2013-03-31,,274.215
2013-04-30,,268.869
2013-05-31,,244.451
2013-06-30,,232.985
2013-07-31,,204.7
2013-08-31,,148.266
2013-09-30,,246.07
2013-10-31,,164.552
2013-11-30,,80.028
2013-12-31,,121.704
2014-01-31,,125.981
2014-02-28,,123.612
2014-03-31,,177.512
2014-04-30,,115.081
2014-05-31,,87.823
2014-06-30,,210.027
2014-07-31,,185.704
2014-08-31,,212.027
2014-09-30,,238.508
2014-10-31,,275.792
2014-11-30,,330.363
2014-12-31,,380.312
2015-01-31,,366.549
2015-02-28,,404.783
2015-03-31,,488.813
2015-04-30,,535.318
2015-05-31,,554.509
2015-06-30,,578.878
2015-07-31,,602.506
2015-08-31,,671.746
2015-09-30,,629.617
2015-10-31,,588.678
2015-11-30,,687.648
2015-12-31,,634.433
2016-01-31,,629.265
2016-02-29,,691.384
2016-03-31,,634.159
2016-04-30,,549.376
2016-05-31,,659.127
2016-06-30,,593.573
2016-07-31,,522.725
2016-08-31,,571.379
2016-09-30,,571.828
2016-10-31,,611.575
2016-11-30,,552.561
2016-12-31,,494.888
2017-01-31,,585.52
2017-02-28,,517.009
2017-03-31,,517.986
2017-04-30,,524.351
2017-05-31,,503.154
2017-06-30,,510.678
2017-07-31,,557.556
2017-08-31,,497.791
2017-09-30,,432.548
2017-10-31,,477.139
2017-11-30,,488.156
2017-12-31,,478.037
2018-01-31,,471.047
2018-02-28,,474.162
2018-03-31,,428.964
2018-04-30,,546.966
2018-05-31,,515.248
2018-06-30,,446.012
2018-07-31,,513.522
2018-08-31,,536.42
2018-09-30,,536.625
2018-10-31,,549.708
2018-11-30,,568.798
2018-12-31,,630.311
2019-01-31,,601.736
2019-02-28,,620.477
2019-03-31,,607.866
2019-04-30,,621.278
2019-05-31,,637.227
2019-06-30,,634.459
2019-07-31,,642.887
2019-08-31,,598.847
2019-09-30,,729.349
2019-10-31,,659.028
2019-11-30,,571.332
2019-12-31,,619.239
2020-01-31,,614.529
2020-02-29,,531.706
2020-03-31,,364.701
2020-04-30,,-313.944
2020-05-31,,-438.148
2020-06-30,,-206.893
2020-07-31,,-239.941
2020-08-31,,-106.33
2020-09-30,,-117.279
2020-10-31,,-166.312
2020-11-30,,160.567
2020-12-31,,206.926
2021-01-31,,120.258
2021-02-28,,289.754
2021-03-31,,725.434
2021-04-30,,1450.301
2021-05-31,,1458.623
2021-06-30,,1509.247
2021-07-31,,1415.058
2021-08-31,,1601.894
2021-09-30,,1612.13
2021-10-31,,1566.216
2021-11-30,,1551.692
2021-12-31,,1529.841
2022-01-31,,1675.664
2022-02-28,,1654.939
2022-03-31,,1501.728
2022-04-30,,1316.035
2022-05-31,,1596.828
2022-06-30,,1400.943
2022-07-31,,1398.29
2022-08-31,,1277.392
2022-09-30,,1225.523
2022-10-31,,1334.944
2022-11-30,,1125.392
2022-12-31,,987.422
2023-01-31,,1011.398
2023-02-28,,986.859
2023-03-31,,916.26
2023-04-30,,910.223
2023-05-31,,843.154
2023-06-30,,835.571
2023-07-31,,898.538
2023-08-31,,807.981
2023-09-30,,704.644
2023-10-31,,809.233
2023-11-30,,845.658
2023-12-31,,832.109
2024-01-31,,869.099
2024-02-29,,894.197
2024-03-31,,836.647
2024-04-30,,1066.914
2024-05-31,,1035.82
2024-06-30,,928.145
2024-07-31,,1071.876
2024-08-31,,963.088
2024-09-30,,1193.212
2024-10-31,,1127.397
2024-11-30,,1003.496
2024-12-31,,1220.88
2025-01-31,,1129.93
2025-02-28,,1118.136
2025-03-31,,1193.126
2025-04-30,,1054.395
2025-05-31,,916.027
2025-06-30,,1142.733
2025-07-31,,1026.631
2025-08-31,23.157,1004.108
2025-09-30,36.924,997.68
2025-10-31,36.796,971.837
2025-11-30,116.185,967.145
2025-12-31,115.221,948.95
2026-01-31,105.992,808
2026-02-28,153.173,788.72
2026-03-31,192.282,915.829
2026-04-30,183.108,906.769
2026-05-31,224.713,893.124
2026-06-30,234.267,890.61
2026-07-31,258.44,866.27
2026-08-31,284.16,979.749
