date,series,four_quarter_mean
1948-01-01,deepening,1.3605904542762743
1948-04-01,deepening,1.1996691053161124
1948-07-01,deepening,1.1373894212182982
1948-10-01,deepening,1.6333340624589245
1949-01-01,deepening,1.913956681346867
1949-04-01,deepening,2.138407967082712
1949-07-01,deepening,2.859413726896279
1949-10-01,deepening,2.9964929968736493
1950-01-01,deepening,2.3647824056136617
1950-04-01,deepening,1.3522206443231677
1950-07-01,deepening,0.028799987574503166
1950-10-01,deepening,-0.5227294573928446
1951-01-01,deepening,-0.6574553909578211
1951-04-01,deepening,-0.06792432099237747
1951-07-01,deepening,1.205761419660332
1951-10-01,deepening,1.2427736506186184
1952-01-01,deepening,1.3084065075415394
1952-04-01,deepening,1.7712782813463637
1952-07-01,deepening,1.1982015217993605
1952-10-01,deepening,0.5353823775796048
1953-01-01,deepening,0.6364744417351269
1953-04-01,deepening,0.44211616124228337
1953-07-01,deepening,0.9165520030741938
1953-10-01,deepening,2.2666988663847696
1954-01-01,deepening,2.595619112053764
1954-04-01,deepening,2.8704424426802766
1954-07-01,deepening,2.55786877151574
1954-10-01,deepening,1.6491767290749983
1955-01-01,deepening,0.6944862582596447
1955-04-01,deepening,-0.13138954670986205
1955-07-01,deepening,-0.6964106899721935
1955-10-01,deepening,-0.7455182095515186
1956-01-01,deepening,0.06634230652609027
1956-04-01,deepening,0.4061102550864831
1956-07-01,deepening,1.0738415218577924
1956-10-01,deepening,1.5421089483669235
1957-01-01,deepening,1.4899457869252541
1957-04-01,deepening,1.7715284037505517
1957-07-01,deepening,1.6769934277209462
1957-10-01,deepening,2.3415308457305035
1958-01-01,deepening,3.112530308693259
1958-04-01,deepening,3.113418941456563
1958-07-01,deepening,2.6910158224847542
1958-10-01,deepening,1.2888180713660322
1959-01-01,deepening,-0.16908241539817892
1959-04-01,deepening,-1.217413948259764
1959-07-01,deepening,-0.5749822139361392
1959-10-01,deepening,0.07592078139631364
1960-01-01,deepening,0.817013378757325
1960-04-01,deepening,1.399874717385967
1960-07-01,deepening,1.1688782118701535
1960-10-01,deepening,1.4576453882584854
1961-01-01,deepening,1.4264975236776343
1961-04-01,deepening,1.9857709631630422
1961-07-01,deepening,1.7330440290397355
1961-10-01,deepening,1.1930542179091201
1962-01-01,deepening,0.9300148096339005
1962-04-01,deepening,0.5629158665079708
1962-07-01,deepening,0.9905761196623087
1962-10-01,deepening,1.4467952399952677
1963-01-01,deepening,1.3290944597595518
1963-04-01,deepening,1.1429905311113702
1963-07-01,deepening,0.8926808176466925
1963-10-01,deepening,0.46799305448380435
1964-01-01,deepening,0.2940578942183962
1964-04-01,deepening,0.24287329283395456
1964-07-01,deepening,0.07519251064345864
1964-10-01,deepening,0.05055782567858336
1965-01-01,deepening,0.10439622618843436
1965-04-01,deepening,0.04512527732327035
1965-07-01,deepening,0.36689050239471893
1965-10-01,deepening,0.3287208242901276
1966-01-01,deepening,0.5175322347022216
1966-04-01,deepening,0.8094928259260111
1966-07-01,deepening,0.8058768141346652
1966-10-01,deepening,1.3466450227190494
1967-01-01,deepening,1.8368987947087332
1967-04-01,deepening,2.374748770772536
1967-07-01,deepening,2.1133719859721865
1967-10-01,deepening,1.6884385576118552
1968-01-01,deepening,1.36478223681445
1968-04-01,deepening,0.6702106114454169
1968-07-01,deepening,0.6884898207996243
1968-10-01,deepening,0.7421379030720711
1969-01-01,deepening,0.5108730995760719
1969-04-01,deepening,0.8541760993928703
1969-07-01,deepening,1.0668120981984655
1969-10-01,deepening,1.5051915419742685
1970-01-01,deepening,2.1408169233817516
1970-04-01,deepening,2.4279126881842155
1970-07-01,deepening,2.564463505116422
1970-10-01,deepening,2.473305674671978
1971-01-01,deepening,1.8551692202468564
1971-04-01,deepening,1.1996063613623884
1971-07-01,deepening,1.0205838201199258
1971-10-01,deepening,0.43801420657360035
1972-01-01,deepening,0.34146207292866526
1972-04-01,deepening,0.4619747071928968
1972-07-01,deepening,0.19856376775156193
1972-10-01,deepening,0.24520683673498744
1973-01-01,deepening,0.2161365972824438
1973-04-01,deepening,0.11073614826750725
1973-07-01,deepening,0.3230765083757175
1973-10-01,deepening,0.6334487137617637
1974-01-01,deepening,1.3216758343507122
1974-04-01,deepening,1.8058067750041815
1974-07-01,deepening,2.0939589307051403
1974-10-01,deepening,2.5725086871566254
1975-01-01,deepening,3.263436718211065
1975-04-01,deepening,3.1688698764311036
1975-07-01,deepening,2.404557696109298
1975-10-01,deepening,1.2800737027480906
1976-01-01,deepening,-0.317374412824281
1976-04-01,deepening,-0.6636689567661498
1976-07-01,deepening,-0.4152439448772548
1976-10-01,deepening,0.07058967136543635
1977-01-01,deepening,0.33028505753308407
1977-04-01,deepening,-0.22283326733727554
1977-07-01,deepening,-0.26197692121320115
1977-10-01,deepening,-0.4659561661766391
1978-01-01,deepening,-0.26817732154078333
1978-04-01,deepening,-0.41314213832178354
1978-07-01,deepening,-0.3197429203684588
1978-10-01,deepening,-0.2157860707604672
1979-01-01,deepening,-0.11785746161813504
1979-04-01,deepening,1.0087847646803343
1979-07-01,deepening,0.8802124818980221
1979-10-01,deepening,1.076050525740781
1980-01-01,deepening,1.4025822552569054
1980-04-01,deepening,1.925570614914315
1980-07-01,deepening,2.5924016961313474
1980-10-01,deepening,2.267129191241689
1981-01-01,deepening,1.8259601768268103
1981-04-01,deepening,1.1660666794070413
1981-07-01,deepening,0.927942121450379
1981-10-01,deepening,1.585830006867334
1982-01-01,deepening,2.7098499098939315
1982-04-01,deepening,2.711918537310716
1982-07-01,deepening,2.934937502150041
1982-10-01,deepening,2.7816269279582615
1983-01-01,deepening,1.7211986180237113
1983-04-01,deepening,1.2707809237475312
1983-07-01,deepening,0.19842724157744468
1983-10-01,deepening,-0.373141071176424
1984-01-01,deepening,-0.8634177844309219
1984-04-01,deepening,-0.8654788432649563
1984-07-01,deepening,0.09773153504792477
1984-10-01,deepening,0.6255792590213451
1985-01-01,deepening,0.864998540531463
1985-04-01,deepening,1.458158496576306
1985-07-01,deepening,1.2743669166751443
1985-10-01,deepening,1.055358942817172
1986-01-01,deepening,1.5357504630344234
1986-04-01,deepening,1.5586871877003992
1986-07-01,deepening,1.324663303574209
1986-10-01,deepening,1.215355648003374
1987-01-01,deepening,0.9513522904241166
1987-04-01,deepening,0.19136170928360008
1987-07-01,deepening,0.1883944230564335
1987-10-01,deepening,0.4394224592070639
1988-01-01,deepening,0.5432141465161937
1988-04-01,deepening,0.788054272025162
1988-07-01,deepening,0.9364927587571896
1988-10-01,deepening,0.6102684428009882
1989-01-01,deepening,0.17746286924048466
1989-04-01,deepening,0.8677088066150704
1989-07-01,deepening,0.7813143875941482
1989-10-01,deepening,0.9823397468896832
1990-01-01,deepening,1.4806194937718211
1990-04-01,deepening,1.250831226699894
1990-07-01,deepening,1.7432727093816638
1990-10-01,deepening,1.8305812708600162
1991-01-01,deepening,2.39758187348189
1991-04-01,deepening,2.2834548881211942
1991-07-01,deepening,1.838461470846788
1991-10-01,deepening,2.022097307366773
1992-01-01,deepening,1.4166831159155628
1992-04-01,deepening,1.0795553501576238
1992-07-01,deepening,1.2162006694680434
1992-10-01,deepening,0.9126715719481385
1993-01-01,deepening,0.7354555197320345
1993-04-01,deepening,0.5518322529172345
1993-07-01,deepening,0.40030158629209894
1993-10-01,deepening,0.23634037331442687
1994-01-01,deepening,0.5493485306094369
1994-04-01,deepening,0.5770482938323861
1994-07-01,deepening,0.4639466990883631
1994-10-01,deepening,0.27147944822085235
1995-01-01,deepening,0.18478916244324745
1995-04-01,deepening,0.9006424944293668
1995-07-01,deepening,0.8023880908261909
1995-10-01,deepening,1.491752797361442
1996-01-01,deepening,1.3921347888170228
1996-04-01,deepening,0.8193182148433941
1996-07-01,deepening,0.8199246224837161
1996-10-01,deepening,0.3011836484869647
1997-01-01,deepening,0.3975805515850416
1997-04-01,deepening,0.6761391210270483
1997-07-01,deepening,0.896805975953303
1997-10-01,deepening,1.4075673623318123
1998-01-01,deepening,1.2737736022248363
1998-04-01,deepening,1.379347768727119
1998-07-01,deepening,1.7293419301655972
1998-10-01,deepening,1.5300081669579302
1999-01-01,deepening,1.7532454640365598
1999-04-01,deepening,1.890369111946404
1999-07-01,deepening,1.6363755260249917
1999-10-01,deepening,1.7141662646477562
2000-01-01,deepening,1.7261508474408849
2000-04-01,deepening,1.4531974984407943
2000-07-01,deepening,1.9306740655699648
2000-10-01,deepening,1.8469341114632112
2001-01-01,deepening,2.3563166356398284
2001-04-01,deepening,2.795868460476586
2001-07-01,deepening,2.9670228416300515
2001-10-01,deepening,3.2761858572088696
2002-01-01,deepening,2.841805345911702
2002-04-01,deepening,2.464082525116581
2002-07-01,deepening,1.957700785015205
2002-10-01,deepening,1.4481431288991677
2003-01-01,deepening,1.286686718661347
2003-04-01,deepening,1.5229830496070864
2003-07-01,deepening,1.1383873578676398
2003-10-01,deepening,1.173604691606142
2004-01-01,deepening,0.9326282693079172
2004-04-01,deepening,0.5585362920209953
2004-07-01,deepening,0.36556450877830354
2004-10-01,deepening,0.72341939066763
2005-01-01,deepening,0.8838933093080111
2005-04-01,deepening,0.551169080043281
2005-07-01,deepening,0.8809977891188285
2005-10-01,deepening,0.6683713350316924
2006-01-01,deepening,0.40354608365652667
2006-04-01,deepening,0.8251202732273255
2006-07-01,deepening,0.8705121853289588
2006-10-01,deepening,0.6290811530364151
2007-01-01,deepening,0.9761990789867754
2007-04-01,deepening,1.105034162414717
2007-07-01,deepening,1.3843288874905433
2007-10-01,deepening,1.5660956564487305
2008-01-01,deepening,2.0931383924887763
2008-04-01,deepening,2.1516877051676047
2008-07-01,deepening,2.312380129477087
2008-10-01,deepening,3.358124091183462
2009-01-01,deepening,3.924317046559529
2009-04-01,deepening,4.617631874542529
2009-07-01,deepening,4.558600755528348
2009-10-01,deepening,3.522218449304905
2010-01-01,deepening,2.1802908997036834
2010-04-01,deepening,0.6621878223455847
2010-07-01,deepening,0.17015934447616526
2010-10-01,deepening,0.06492611158535237
2011-01-01,deepening,-0.06757815502089147
2011-04-01,deepening,0.11773878002111453
2011-07-01,deepening,0.37623432755761144
2011-10-01,deepening,-0.09978940776105281
2012-01-01,deepening,-0.013155549863668639
2012-04-01,deepening,0.6848040435239818
2012-07-01,deepening,0.10327907563971765
2012-10-01,deepening,0.6510103073943366
2013-01-01,deepening,0.5627730613884463
2013-04-01,deepening,0.21169262351147572
2013-07-01,deepening,0.34246263041241487
2013-10-01,deepening,0.34772030173453217
2014-01-01,deepening,0.933179103794752
2014-04-01,deepening,0.22445684642292724
2014-07-01,deepening,0.38472846273348793
2014-10-01,deepening,-0.03981363488819767
2015-01-01,deepening,-0.44847912999837347
2015-04-01,deepening,0.23657591708157827
2015-07-01,deepening,0.5710429822806611
2015-10-01,deepening,0.9456528015513539
2016-01-01,deepening,0.7329490964444674
2016-04-01,deepening,0.9089310574945034
2016-07-01,deepening,0.3830769229898688
2016-10-01,deepening,0.6614473806674943
2017-01-01,deepening,0.8963304792357967
2017-04-01,deepening,0.5486441154370731
2017-07-01,deepening,0.9051167019695858
2017-10-01,deepening,0.47452129699959333
2018-01-01,deepening,0.672026594653334
2018-04-01,deepening,0.7511562458761509
2018-07-01,deepening,0.6521104690619536
2018-10-01,deepening,0.9686599223697154
2019-01-01,deepening,0.8386408337751509
2019-04-01,deepening,0.9963748132467036
2019-07-01,deepening,0.9669031732736304
2019-10-01,deepening,1.064721162197351
2020-01-01,deepening,2.041383492089953
2020-04-01,deepening,8.999536663535542
2020-07-01,deepening,5.558065317422909
2020-10-01,deepening,3.726708149160698
2021-01-01,deepening,2.5633189530222897
2021-04-01,deepening,-4.870147642614188
2021-07-01,deepening,-2.240528694388332
2021-10-01,deepening,-1.08986430626144
2022-01-01,deepening,-1.1324263819165126
2022-04-01,deepening,-0.8410071333691774
2022-07-01,deepening,0.019254222853849638
2022-10-01,deepening,0.691148618387722
2023-01-01,deepening,0.6009691448361084
2023-04-01,deepening,0.8700808892152321
2023-07-01,deepening,1.1284654588959997
2023-10-01,deepening,0.9002856060140325
2024-01-01,deepening,1.4423114860066957
2024-04-01,deepening,1.3785984821126107
2024-07-01,deepening,1.2723953028354829
2024-10-01,deepening,1.5234476238546637
2025-01-01,deepening,1.4970457199571858
2025-04-01,deepening,1.652100498712139
2025-07-01,deepening,1.4578446890794647
2025-10-01,deepening,1.417941345516464
2026-01-01,deepening,1.023816120731642
2026-04-01,deepening,0.9930814511646837
1948-01-01,labor_productivity,3.657688136208792
1948-04-01,labor_productivity,5.542579187149732
1948-07-01,labor_productivity,5.564133998349385
1948-10-01,labor_productivity,5.392077558907538
1949-01-01,labor_productivity,1.7409726872963383
1949-04-01,labor_productivity,-0.2330155912401377
1949-07-01,labor_productivity,3.1382848222973436
1949-10-01,labor_productivity,2.2196442497981472
1950-01-01,labor_productivity,7.318295181436607
1950-04-01,labor_productivity,8.664424871583432
1950-07-01,labor_productivity,7.628222342468316
1950-10-01,labor_productivity,8.23542567822666
1951-01-01,labor_productivity,3.241468934443814
1951-04-01,labor_productivity,1.917873350988053
1951-07-01,labor_productivity,2.976835724821836
1951-10-01,labor_productivity,2.627819131772169
1952-01-01,labor_productivity,3.38456711306816
1952-04-01,labor_productivity,3.9951747934816595
1952-07-01,labor_productivity,1.741509023682175
1952-10-01,labor_productivity,3.1069969082597293
1953-01-01,labor_productivity,4.445184151827908
1953-04-01,labor_productivity,4.151836539893994
1953-07-01,labor_productivity,3.695716052770859
1953-10-01,labor_productivity,1.6385059264183877
1954-01-01,labor_productivity,0.5420041196933401
1954-04-01,labor_productivity,1.1915016793198507
1954-07-01,labor_productivity,2.7035500147506664
1954-10-01,labor_productivity,4.80192205263088
1955-01-01,labor_productivity,5.8233792676516405
1955-04-01,labor_productivity,5.555258294572951
1955-07-01,labor_productivity,3.989698445774925
1955-10-01,labor_productivity,1.9120653597314519
1956-01-01,labor_productivity,0.3624997530951468
1956-04-01,labor_productivity,-0.05949704204488704
1956-07-01,labor_productivity,0.19555535319724093
1956-10-01,labor_productivity,2.850662473428134
1957-01-01,labor_productivity,3.3392412794628346
1957-04-01,labor_productivity,2.7205971376530247
1957-07-01,labor_productivity,3.2989786548276
1957-10-01,labor_productivity,2.149018342676756
1958-01-01,labor_productivity,1.2490422048499816
1958-04-01,labor_productivity,2.3363135592986417
1958-07-01,labor_productivity,3.4598923952695593
1958-10-01,labor_productivity,3.6763885121446016
1959-01-01,labor_productivity,5.086079174449143
1959-04-01,labor_productivity,4.47229683562429
1959-07-01,labor_productivity,2.844500633296665
1959-10-01,labor_productivity,2.0283638662072168
1960-01-01,labor_productivity,3.803202201407929
1960-04-01,labor_productivity,1.4485936647267383
1960-07-01,labor_productivity,1.5235892617332603
1960-10-01,labor_productivity,0.8148830666272477
1961-01-01,labor_productivity,-1.0447300774180768
1961-04-01,labor_productivity,3.879013406253806
1961-07-01,labor_productivity,4.818347153040037
1961-10-01,labor_productivity,6.3859643818157785
1962-01-01,labor_productivity,6.136776072968253
1962-04-01,labor_productivity,3.4543695686428677
1962-07-01,labor_productivity,3.9147567660561933
1962-10-01,labor_productivity,4.097531516277941
1963-01-01,labor_productivity,3.818028238084592
1963-04-01,labor_productivity,4.075615961323287
1963-07-01,labor_productivity,4.376495025596228
1963-10-01,labor_productivity,3.2251876051511807
1964-01-01,labor_productivity,3.649019698730882
1964-04-01,labor_productivity,3.3584872748077643
1964-07-01,labor_productivity,2.4823092413890357
1964-10-01,labor_productivity,2.1411675656705764
1965-01-01,labor_productivity,2.979478569379701
1965-04-01,labor_productivity,2.540862380365727
1965-07-01,labor_productivity,3.498738889714126
1965-10-01,labor_productivity,4.969208479270826
1966-01-01,labor_productivity,5.013782504276421
1966-04-01,labor_productivity,4.610386657849164
1966-07-01,labor_productivity,2.8209337010635327
1966-10-01,labor_productivity,2.2711648214567504
1967-01-01,labor_productivity,1.3386334969936797
1967-04-01,labor_productivity,2.9026007141370602
1967-07-01,labor_productivity,2.9409916643798883
1967-10-01,labor_productivity,2.500545907197438
1968-01-01,labor_productivity,3.6095182651966873
1968-04-01,labor_productivity,3.3898186676019737
1968-07-01,labor_productivity,3.629330983821033
1968-10-01,labor_productivity,3.22812915357531
1969-01-01,labor_productivity,1.383667848370207
1969-04-01,labor_productivity,0.5453137500340155
1969-07-01,labor_productivity,0.3419107497672158
1969-10-01,labor_productivity,0.22048458974088803
1970-01-01,labor_productivity,0.38186033179110623
1970-04-01,labor_productivity,1.355178400528656
1970-07-01,labor_productivity,2.7068507475736414
1970-10-01,labor_productivity,2.273741679231911
1971-01-01,labor_productivity,4.558537921246009
1971-04-01,labor_productivity,3.623539622634775
1971-07-01,labor_productivity,3.1691467391972594
1971-10-01,labor_productivity,3.576895215919862
1972-01-01,labor_productivity,2.0659683672946905
1972-04-01,labor_productivity,3.662065297357575
1972-07-01,labor_productivity,3.1721286429123197
1972-10-01,labor_productivity,4.987135860499503
1973-01-01,labor_productivity,5.515567228605267
1973-04-01,labor_productivity,3.7027159830662626
1973-07-01,labor_productivity,2.124879596642648
1973-10-01,labor_productivity,0.938868401854176
1974-01-01,labor_productivity,-1.865469191015423
1974-04-01,labor_productivity,-1.8537765022336394
1974-07-01,labor_productivity,-1.5865509943772782
1974-10-01,labor_productivity,-1.7999258979624067
1975-01-01,labor_productivity,0.971189093910807
1975-04-01,labor_productivity,2.7361761646537364
1975-07-01,labor_productivity,4.608439194196512
1975-10-01,labor_productivity,4.409826630662472
1976-01-01,labor_productivity,4.348679240664044
1976-04-01,labor_productivity,3.2416334635426036
1976-07-01,labor_productivity,2.226053302474096
1976-10-01,labor_productivity,2.5228459920128454
1977-01-01,labor_productivity,1.771020629456066
1977-04-01,labor_productivity,1.6260410794370461
1977-07-01,labor_productivity,2.671205201487359
1977-10-01,labor_productivity,1.5687887307395343
1978-01-01,labor_productivity,0.7994082833874039
1978-04-01,labor_productivity,1.7895528205951194
1978-07-01,labor_productivity,0.5693620556744161
1978-10-01,labor_productivity,1.4657169418698324
1979-01-01,labor_productivity,1.485517474477982
1979-04-01,labor_productivity,-0.42424785335386517
1979-07-01,labor_productivity,-0.9363385173894567
1979-10-01,labor_productivity,-1.2161854141777617
1980-01-01,labor_productivity,-0.6300457140261173
1980-04-01,labor_productivity,-0.9492397604854652
1980-07-01,labor_productivity,0.14101819853804543
1980-10-01,labor_productivity,1.5553849435286704
1981-01-01,labor_productivity,2.244002337634976
1981-04-01,labor_productivity,2.6510047912933654
1981-07-01,labor_productivity,3.4917864030279855
1981-10-01,labor_productivity,1.0227382305973975
1982-01-01,labor_productivity,-0.0028080289799614633
1982-04-01,labor_productivity,0.47273714086868424
1982-07-01,labor_productivity,-1.042571677704185
1982-10-01,labor_productivity,0.6940342563260149
1983-01-01,labor_productivity,1.3948293037070236
1983-04-01,labor_productivity,2.655695709455319
1983-07-01,labor_productivity,2.67652176086397
1983-10-01,labor_productivity,3.182402910508353
1984-01-01,labor_productivity,3.4473739899945954
1984-04-01,labor_productivity,2.9388127082061732
1984-07-01,labor_productivity,3.4985995718046503
1984-10-01,labor_productivity,2.8406639732210692
1985-01-01,labor_productivity,2.160114156873716
1985-04-01,labor_productivity,1.6351041454839343
1985-07-01,labor_productivity,2.43656974395714
1985-10-01,labor_productivity,2.2441183906332096
1986-01-01,labor_productivity,2.878601799213376
1986-04-01,labor_productivity,3.1199733078166147
1986-07-01,labor_productivity,2.0361501513239677
1986-10-01,labor_productivity,1.7464109888289947
1987-01-01,labor_productivity,0.5312159358112023
1987-04-01,labor_productivity,0.9017266536930801
1987-07-01,labor_productivity,1.0953587647020147
1987-10-01,labor_productivity,1.8186459582570258
1988-01-01,labor_productivity,2.789013791319528
1988-04-01,labor_productivity,1.9230359039904776
1988-07-01,labor_productivity,1.955002007721074
1988-10-01,labor_productivity,1.5470241209800673
1989-01-01,labor_productivity,0.7424043267763913
1989-04-01,labor_productivity,0.574080608578198
1989-07-01,labor_productivity,0.22178678091204773
1989-10-01,labor_productivity,0.012881391258856567
1990-01-01,labor_productivity,0.9773006545953145
1990-04-01,labor_productivity,2.0088039935346025
1990-07-01,labor_productivity,2.2418624119887376
1990-10-01,labor_productivity,1.4456958657520502
1991-01-01,labor_productivity,0.9457139256381364
1991-04-01,labor_productivity,1.3192732783412264
1991-07-01,labor_productivity,1.4434035141729584
1991-10-01,labor_productivity,2.814636937342385
1992-01-01,labor_productivity,4.932038497976743
1992-04-01,labor_productivity,4.200661064452538
1992-07-01,labor_productivity,4.192854870662321
1992-10-01,labor_productivity,4.081539123349254
1993-01-01,labor_productivity,0.4299006082501666
1993-04-01,labor_productivity,-0.1467607640690538
1993-07-01,labor_productivity,-0.9576079662946491
1993-10-01,labor_productivity,-0.2877790749361786
1994-01-01,labor_productivity,0.7970450080762692
1994-04-01,labor_productivity,0.8758963346884308
1994-07-01,labor_productivity,0.8790684885214173
1994-10-01,labor_productivity,0.7342048914582122
1995-01-01,labor_productivity,0.6168949144680358
1995-04-01,labor_productivity,1.070818707429888
1995-07-01,labor_productivity,1.6792925967123118
1995-10-01,labor_productivity,1.3288561810856692
1996-01-01,labor_productivity,2.467240813835314
1996-04-01,labor_productivity,2.9348705388599683
1996-07-01,labor_productivity,2.985383093415761
1996-10-01,labor_productivity,2.6109782270148596
1997-01-01,labor_productivity,1.7283550864005015
1997-04-01,labor_productivity,2.0643030161404674
1997-07-01,labor_productivity,2.827156431261013
1997-10-01,labor_productivity,3.410347609908637
1998-01-01,labor_productivity,4.195378353889545
1998-04-01,labor_productivity,3.665139142932272
1998-07-01,labor_productivity,3.9913211903654933
1998-10-01,labor_productivity,3.5281942461831584
1999-01-01,labor_productivity,4.464271207347004
1999-04-01,labor_productivity,3.796606312595685
1999-07-01,labor_productivity,3.0292717257986546
1999-10-01,labor_productivity,3.8735041035705464
2000-01-01,labor_productivity,2.8933356105391717
2000-04-01,labor_productivity,3.9798931551605854
2000-07-01,labor_productivity,3.867890766368909
2000-10-01,labor_productivity,3.291880392625579
2001-01-01,labor_productivity,2.797709929438952
2001-04-01,labor_productivity,2.779434832743277
2001-07-01,labor_productivity,2.6650513908667683
2001-10-01,labor_productivity,2.6165289268059944
2002-01-01,labor_productivity,4.20636313248437
2002-04-01,labor_productivity,3.7250771088183754
2002-07-01,labor_productivity,4.008678294379653
2002-10-01,labor_productivity,3.7059079850337184
2003-01-01,labor_productivity,2.3488813630986094
2003-04-01,labor_productivity,3.1264924339502898
2003-07-01,labor_productivity,3.8760378780329674
2003-10-01,labor_productivity,4.163817153914184
2004-01-01,labor_productivity,3.8939051819146364
2004-04-01,labor_productivity,3.424692504592386
2004-07-01,labor_productivity,2.615610699228199
2004-10-01,labor_productivity,2.5232859647132955
2005-01-01,labor_productivity,3.0139324106551513
2005-04-01,labor_productivity,2.053581151011219
2005-07-01,labor_productivity,2.0235697557184906
2005-10-01,labor_productivity,2.273948197474862
2006-01-01,labor_productivity,2.2742871172099832
2006-04-01,labor_productivity,2.2572497619472998
2006-07-01,labor_productivity,1.4610509545025074
2006-10-01,labor_productivity,0.8140446855675165
2007-01-01,labor_productivity,0.17579214908556295
2007-04-01,labor_productivity,0.4632140932574913
2007-07-01,labor_productivity,0.49705951827130335
2007-10-01,labor_productivity,0.643323121610262
2008-01-01,labor_productivity,0.13720687087372951
2008-04-01,labor_productivity,0.4079059856147538
2008-07-01,labor_productivity,0.9462786916924593
2008-10-01,labor_productivity,0.1666741900034019
2009-01-01,labor_productivity,1.3419373410683555
2009-04-01,labor_productivity,3.3061100261083887
2009-07-01,labor_productivity,4.606492885007185
2009-10-01,labor_productivity,6.7466472855758575
2010-01-01,labor_productivity,6.005643211670986
2010-04-01,labor_productivity,3.7587341629776283
2010-07-01,labor_productivity,3.278425020525866
2010-10-01,labor_productivity,1.6881893349530053
2011-01-01,labor_productivity,1.141531514446914
2011-04-01,labor_productivity,0.8531195734780006
2011-07-01,labor_productivity,-0.49959525813036976
2011-10-01,labor_productivity,-0.10810429697727386
2012-01-01,labor_productivity,1.520275898127732
2012-04-01,labor_productivity,1.83392490858596
2012-07-01,labor_productivity,0.9421903217834426
2012-10-01,labor_productivity,1.0502452822155561
2013-01-01,labor_productivity,-0.041264371056648486
2013-04-01,labor_productivity,-0.2548441741453189
2013-07-01,labor_productivity,0.899351966266071
2013-10-01,labor_productivity,1.043110185507956
2014-01-01,labor_productivity,0.8157004990258621
2014-04-01,labor_productivity,1.3588227025127964
2014-07-01,labor_productivity,1.8140008345978842
2014-10-01,labor_productivity,0.9687179154840742
2015-01-01,labor_productivity,1.5735211869725596
2015-04-01,labor_productivity,1.2905876675927352
2015-07-01,labor_productivity,0.7719663036245272
2015-10-01,labor_productivity,0.33872033911217514
2016-01-01,labor_productivity,0.3242490495026118
2016-04-01,labor_productivity,-0.5859598601178462
2016-07-01,labor_productivity,-0.35503852507963174
2016-10-01,labor_productivity,1.0455944875304546
2017-01-01,labor_productivity,0.9075971024303797
2017-04-01,labor_productivity,1.4730504966263602
2017-07-01,labor_productivity,1.748257716407231
2017-10-01,labor_productivity,1.6102698286520223
2018-01-01,labor_productivity,1.6957268931646396
2018-04-01,labor_productivity,1.8108563836804592
2018-07-01,labor_productivity,1.6031116548290036
2018-10-01,labor_productivity,1.0069786328435804
2019-01-01,labor_productivity,1.6580964851186764
2019-04-01,labor_productivity,1.739475874970342
2019-07-01,labor_productivity,1.971619004334002
2019-10-01,labor_productivity,2.869405950455395
2020-01-01,labor_productivity,1.8432791258703674
2020-04-01,labor_productivity,5.630784986144199
2020-07-01,labor_productivity,6.031648998662487
2020-10-01,labor_productivity,5.787807220001628
2021-01-01,labor_productivity,6.142130289260983
2021-04-01,labor_productivity,2.222695661217333
2021-07-01,labor_productivity,0.8601569891406591
2021-10-01,labor_productivity,0.7430517891019228
2022-01-01,labor_productivity,-0.6226293014177209
2022-04-01,labor_productivity,-1.5614078882807192
2022-07-01,labor_productivity,-1.0546249612374936
2022-10-01,labor_productivity,-1.8517410832692427
2023-01-01,labor_productivity,-0.5178096850355196
2023-04-01,labor_productivity,1.0327727302557932
2023-07-01,labor_productivity,1.7110747480763244
2023-10-01,labor_productivity,3.238853514018114
2024-01-01,labor_productivity,3.181616144171784
2024-04-01,labor_productivity,3.3116277691705776
2024-07-01,labor_productivity,2.999801462470053
2024-10-01,labor_productivity,2.4401143942242243
2025-01-01,labor_productivity,2.1880567418075536
2025-04-01,labor_productivity,2.2446563450479573
2025-07-01,labor_productivity,2.829015334231144
2025-10-01,labor_productivity,2.6343963592867503
2026-01-01,labor_productivity,2.637641006989
2026-04-01,labor_productivity,2.16141662263567
1948-01-01,tfp_util_adjusted,2.6521871481060737
1948-04-01,tfp_util_adjusted,5.142785244370245
1948-07-01,tfp_util_adjusted,5.0876512381231
1948-10-01,tfp_util_adjusted,6.237670094981653
1949-01-01,tfp_util_adjusted,2.7574123692500128
1949-04-01,tfp_util_adjusted,2.1540188819963575
1949-07-01,tfp_util_adjusted,2.7266289205322187
1949-10-01,tfp_util_adjusted,2.039851365478225
1950-01-01,tfp_util_adjusted,4.555614075807344
1950-04-01,tfp_util_adjusted,2.8732431647528616
1950-07-01,tfp_util_adjusted,1.9539349332882407
1950-10-01,tfp_util_adjusted,2.110564747657403
1951-01-01,tfp_util_adjusted,-0.6800144611725976
1951-04-01,tfp_util_adjusted,-1.0365004057330902
1951-07-01,tfp_util_adjusted,1.738485486923082
1951-10-01,tfp_util_adjusted,1.290336331174096
1952-01-01,tfp_util_adjusted,0.7823467956153607
1952-04-01,tfp_util_adjusted,3.206587318552271
1952-07-01,tfp_util_adjusted,-0.37066366612864665
1952-10-01,tfp_util_adjusted,-0.05453282725499686
1953-01-01,tfp_util_adjusted,3.4599191204029864
1953-04-01,tfp_util_adjusted,2.6491346746655298
1953-07-01,tfp_util_adjusted,4.761352158461396
1953-10-01,tfp_util_adjusted,5.246593152521242
1954-01-01,tfp_util_adjusted,4.307283755334277
1954-04-01,tfp_util_adjusted,3.9594674663564207
1954-07-01,tfp_util_adjusted,3.6114471817244933
1954-10-01,tfp_util_adjusted,3.557100931089247
1955-01-01,tfp_util_adjusted,1.8326055610953902
1955-04-01,tfp_util_adjusted,1.3704005150954206
1955-07-01,tfp_util_adjusted,0.8067874980125554
1955-10-01,tfp_util_adjusted,-1.0951336115509478
1956-01-01,tfp_util_adjusted,-0.19732102064297374
1956-04-01,tfp_util_adjusted,1.1102707719343057
1956-07-01,tfp_util_adjusted,0.18614266212164754
1956-10-01,tfp_util_adjusted,2.3181507829752226
1957-01-01,tfp_util_adjusted,2.7691349757955352
1957-04-01,tfp_util_adjusted,2.6140167704643544
1957-07-01,tfp_util_adjusted,4.249763577280508
1957-10-01,tfp_util_adjusted,5.742092454069963
1958-01-01,tfp_util_adjusted,5.113095341181934
1958-04-01,tfp_util_adjusted,3.866327578632716
1958-07-01,tfp_util_adjusted,2.7374856388725717
1958-10-01,tfp_util_adjusted,0.7720856800067302
1959-01-01,tfp_util_adjusted,-0.5711818065043199
1959-04-01,tfp_util_adjusted,-0.7816727337916434
1959-07-01,tfp_util_adjusted,0.15997621378352178
1959-10-01,tfp_util_adjusted,0.8096814771232205
1960-01-01,tfp_util_adjusted,3.4017355566866443
1960-04-01,tfp_util_adjusted,3.2181103551797796
1960-07-01,tfp_util_adjusted,2.8451538050750793
1960-10-01,tfp_util_adjusted,2.7546465400189675
1961-01-01,tfp_util_adjusted,1.0268178971246193
1961-04-01,tfp_util_adjusted,1.8101935980627661
1961-07-01,tfp_util_adjusted,1.8894248009772727
1961-10-01,tfp_util_adjusted,0.2912180139033395
1962-01-01,tfp_util_adjusted,1.3888131164859256
1962-04-01,tfp_util_adjusted,0.3771281102048033
1962-07-01,tfp_util_adjusted,0.9665877420085306
1962-10-01,tfp_util_adjusted,2.929303179658431
1963-01-01,tfp_util_adjusted,1.8292807945856389
1963-04-01,tfp_util_adjusted,2.2881194842509975
1963-07-01,tfp_util_adjusted,2.4917654872066755
1963-10-01,tfp_util_adjusted,1.2585654889290272
1964-01-01,tfp_util_adjusted,2.822246112768134
1964-04-01,tfp_util_adjusted,2.0270088225196154
1964-07-01,tfp_util_adjusted,1.5104194450826207
1964-10-01,tfp_util_adjusted,1.360031781278424
1965-01-01,tfp_util_adjusted,-0.1675099942552658
1965-04-01,tfp_util_adjusted,0.8602251617485442
1965-07-01,tfp_util_adjusted,2.0460351545898425
1965-10-01,tfp_util_adjusted,2.9249932404685732
1966-01-01,tfp_util_adjusted,3.8607926825992394
1966-04-01,tfp_util_adjusted,3.0535195230498857
1966-07-01,tfp_util_adjusted,1.2075133514780436
1966-10-01,tfp_util_adjusted,1.4857124171995626
1967-01-01,tfp_util_adjusted,2.614583999388222
1967-04-01,tfp_util_adjusted,4.247477193486157
1967-07-01,tfp_util_adjusted,3.6049703484373996
1967-10-01,tfp_util_adjusted,3.565308434269876
1968-01-01,tfp_util_adjusted,3.0871132265828582
1968-04-01,tfp_util_adjusted,2.5888919414624216
1968-07-01,tfp_util_adjusted,2.8489289401539475
1968-10-01,tfp_util_adjusted,1.4531876107946875
1969-01-01,tfp_util_adjusted,-0.1787352426194433
1969-04-01,tfp_util_adjusted,-1.5577179228198947
1969-07-01,tfp_util_adjusted,-1.6101933409646467
1969-10-01,tfp_util_adjusted,-1.315032600788727
1970-01-01,tfp_util_adjusted,-0.027370350926156334
1970-04-01,tfp_util_adjusted,2.51233917499273
1970-07-01,tfp_util_adjusted,4.115007004419203
1970-10-01,tfp_util_adjusted,4.1935383898048775
1971-01-01,tfp_util_adjusted,4.320008178414982
1971-04-01,tfp_util_adjusted,2.5686147704991265
1971-07-01,tfp_util_adjusted,3.351156458952188
1971-10-01,tfp_util_adjusted,2.035896688438101
1972-01-01,tfp_util_adjusted,1.171520540654261
1972-04-01,tfp_util_adjusted,1.8386140968030658
1972-07-01,tfp_util_adjusted,0.250142404892975
1972-10-01,tfp_util_adjusted,2.5859984583079956
1973-01-01,tfp_util_adjusted,3.2645239164410915
1973-04-01,tfp_util_adjusted,1.9738687366716343
1973-07-01,tfp_util_adjusted,0.3790435665742845
1973-10-01,tfp_util_adjusted,-0.23581762516108656
1974-01-01,tfp_util_adjusted,-2.0933497929556473
1974-04-01,tfp_util_adjusted,-0.718932633540319
1974-07-01,tfp_util_adjusted,-1.3432135252443858
1974-10-01,tfp_util_adjusted,-0.22369990299100517
1975-01-01,tfp_util_adjusted,3.0151297530893277
1975-04-01,tfp_util_adjusted,3.2884916789984766
1975-07-01,tfp_util_adjusted,4.502807649692858
1975-10-01,tfp_util_adjusted,2.0145221097171166
1976-01-01,tfp_util_adjusted,-0.33236868871692526
1976-04-01,tfp_util_adjusted,-0.5556388540802122
1976-07-01,tfp_util_adjusted,-0.2299732748982512
1976-10-01,tfp_util_adjusted,1.8474913080407407
1977-01-01,tfp_util_adjusted,2.419801960294029
1977-04-01,tfp_util_adjusted,0.9310328248583082
1977-07-01,tfp_util_adjusted,2.780846448532766
1977-10-01,tfp_util_adjusted,0.5198711112129024
1978-01-01,tfp_util_adjusted,0.7561329799499757
1978-04-01,tfp_util_adjusted,1.3604273675109233
1978-07-01,tfp_util_adjusted,-0.36242378132829633
1978-10-01,tfp_util_adjusted,0.7123692704571922
1979-01-01,tfp_util_adjusted,-0.4712422404467378
1979-04-01,tfp_util_adjusted,0.8644338031780552
1979-07-01,tfp_util_adjusted,-0.5701568980582458
1979-10-01,tfp_util_adjusted,-0.5553198450235173
1980-01-01,tfp_util_adjusted,1.7956074073055444
1980-04-01,tfp_util_adjusted,-0.09017437077397272
1980-07-01,tfp_util_adjusted,0.7250497407261226
1980-10-01,tfp_util_adjusted,-0.03306158890429045
1981-01-01,tfp_util_adjusted,-0.9227877613896034
1981-04-01,tfp_util_adjusted,-1.3154952730679033
1981-07-01,tfp_util_adjusted,1.3558556999356746
1981-10-01,tfp_util_adjusted,1.8814763444948583
1982-01-01,tfp_util_adjusted,1.1989985624836788
1982-04-01,tfp_util_adjusted,1.4679519035724333
1982-07-01,tfp_util_adjusted,-1.295430089524554
1982-10-01,tfp_util_adjusted,-0.6282701050730097
1983-01-01,tfp_util_adjusted,-1.4930958540349022
1983-04-01,tfp_util_adjusted,-1.1613793060883864
1983-07-01,tfp_util_adjusted,-1.6247902498998064
1983-10-01,tfp_util_adjusted,-1.7677898692732592
1984-01-01,tfp_util_adjusted,-0.5989226304905687
1984-04-01,tfp_util_adjusted,0.6586995258386188
1984-07-01,tfp_util_adjusted,2.122180822377681
1984-10-01,tfp_util_adjusted,2.4592290713930076
1985-01-01,tfp_util_adjusted,2.745333185982311
1985-04-01,tfp_util_adjusted,1.5250032631269232
1985-07-01,tfp_util_adjusted,1.9084860634631764
1985-10-01,tfp_util_adjusted,1.1561023829882549
1986-01-01,tfp_util_adjusted,0.8940243123999723
1986-04-01,tfp_util_adjusted,2.02621029757397
1986-07-01,tfp_util_adjusted,1.4325899314826713
1986-10-01,tfp_util_adjusted,1.5845154442921676
1987-01-01,tfp_util_adjusted,-0.45305329853489396
1987-04-01,tfp_util_adjusted,-0.1800156940853046
1987-07-01,tfp_util_adjusted,0.06218833877959687
1987-10-01,tfp_util_adjusted,0.23207686061744082
1988-01-01,tfp_util_adjusted,2.951408491086397
1988-04-01,tfp_util_adjusted,2.1458966680694522
1988-07-01,tfp_util_adjusted,2.144451262475621
1988-10-01,tfp_util_adjusted,2.178694199469396
1989-01-01,tfp_util_adjusted,0.6599283585330534
1989-04-01,tfp_util_adjusted,-0.19476537629827861
1989-07-01,tfp_util_adjusted,-0.027685580887352
1989-10-01,tfp_util_adjusted,-0.18676443241241905
1990-01-01,tfp_util_adjusted,7.080939048018237e-4
1990-04-01,tfp_util_adjusted,0.6733257652836515
1990-07-01,tfp_util_adjusted,0.30461747021066776
1990-10-01,tfp_util_adjusted,0.33338537997365036
1991-01-01,tfp_util_adjusted,0.5776380197407012
1991-04-01,tfp_util_adjusted,1.1054635003776065
1991-07-01,tfp_util_adjusted,0.7115253672101258
1991-10-01,tfp_util_adjusted,0.6959488800951247
1992-01-01,tfp_util_adjusted,2.7007953308993895
1992-04-01,tfp_util_adjusted,1.724601774665581
1992-07-01,tfp_util_adjusted,2.0465211964217596
1992-10-01,tfp_util_adjusted,2.105194655931259
1993-01-01,tfp_util_adjusted,-2.0804911060093145
1993-04-01,tfp_util_adjusted,-2.156387706884835
1993-07-01,tfp_util_adjusted,-3.146317484199333
1993-10-01,tfp_util_adjusted,-2.283989733514381
1994-01-01,tfp_util_adjusted,-1.3453078763922388
1994-04-01,tfp_util_adjusted,-1.186995465345484
1994-07-01,tfp_util_adjusted,-0.45149300694544603
1994-10-01,tfp_util_adjusted,-0.4054218297573656
1995-01-01,tfp_util_adjusted,0.585236964409872
1995-04-01,tfp_util_adjusted,1.8427251819711623
1995-07-01,tfp_util_adjusted,2.1362847822125124
1995-10-01,tfp_util_adjusted,1.5120752213318922
1996-01-01,tfp_util_adjusted,3.1372816298267283
1996-04-01,tfp_util_adjusted,1.5592597830286277
1996-07-01,tfp_util_adjusted,1.3482946777262055
1996-10-01,tfp_util_adjusted,1.5751643094840007
1997-01-01,tfp_util_adjusted,-0.7935079734534507
1997-04-01,tfp_util_adjusted,0.6196078132534479
1997-07-01,tfp_util_adjusted,1.8033503469129615
1997-10-01,tfp_util_adjusted,1.2260372635907637
1998-01-01,tfp_util_adjusted,2.4864790885907446
1998-04-01,tfp_util_adjusted,2.890307228512035
1998-07-01,tfp_util_adjusted,2.799337464299728
1998-10-01,tfp_util_adjusted,2.536890222204051
1999-01-01,tfp_util_adjusted,3.486835681198683
1999-04-01,tfp_util_adjusted,2.0722302152859813
1999-07-01,tfp_util_adjusted,1.3511979196247021
1999-10-01,tfp_util_adjusted,2.9145624355176056
2000-01-01,tfp_util_adjusted,1.312505047523687
2000-04-01,tfp_util_adjusted,2.5282878326064053
2000-07-01,tfp_util_adjusted,2.562637555519909
2000-10-01,tfp_util_adjusted,2.6006305788949917
2001-01-01,tfp_util_adjusted,2.502505403876564
2001-04-01,tfp_util_adjusted,2.4734717334836054
2001-07-01,tfp_util_adjusted,2.3748902376606953
2001-10-01,tfp_util_adjusted,2.0508584757242723
2002-01-01,tfp_util_adjusted,3.141382799649892
2002-04-01,tfp_util_adjusted,2.1557126939923137
2002-07-01,tfp_util_adjusted,2.4519267111218133
2002-10-01,tfp_util_adjusted,1.5813753214157895
2003-01-01,tfp_util_adjusted,0.44897259327066424
2003-04-01,tfp_util_adjusted,1.4944194053925783
2003-07-01,tfp_util_adjusted,2.25847533683775
2003-10-01,tfp_util_adjusted,1.6945568103783883
2004-01-01,tfp_util_adjusted,1.6476844843418965
2004-04-01,tfp_util_adjusted,1.6034125692404955
2004-07-01,tfp_util_adjusted,1.0861882566528356
2004-10-01,tfp_util_adjusted,2.12806438406868
2005-01-01,tfp_util_adjusted,2.736355539819953
2005-04-01,tfp_util_adjusted,2.0099667226046716
2005-07-01,tfp_util_adjusted,1.1885785205502277
2005-10-01,tfp_util_adjusted,0.3172340834103495
2006-01-01,tfp_util_adjusted,0.4781138302648932
2006-04-01,tfp_util_adjusted,-0.7176858251215998
2006-07-01,tfp_util_adjusted,-1.3769047877526175
2006-10-01,tfp_util_adjusted,-0.7944764645785354
2007-01-01,tfp_util_adjusted,-1.5253457687267735
2007-04-01,tfp_util_adjusted,-1.0977582659533125
2007-07-01,tfp_util_adjusted,-0.6434868205997161
2007-10-01,tfp_util_adjusted,-0.2582625387020184
2008-01-01,tfp_util_adjusted,-1.465469065291907
2008-04-01,tfp_util_adjusted,-0.742073620291202
2008-07-01,tfp_util_adjusted,0.04542956155055328
2008-10-01,tfp_util_adjusted,-0.7133092794237388
2009-01-01,tfp_util_adjusted,1.794765575337662
2009-04-01,tfp_util_adjusted,4.271347181627912
2009-07-01,tfp_util_adjusted,3.7231957156016122
2009-10-01,tfp_util_adjusted,4.290469763593013
2010-01-01,tfp_util_adjusted,2.0133277007660384
2010-04-01,tfp_util_adjusted,-1.293701148242627
2010-07-01,tfp_util_adjusted,-0.6010706814358512
2010-10-01,tfp_util_adjusted,-1.5407224062342706
2011-01-01,tfp_util_adjusted,-0.8874893478138279
2011-04-01,tfp_util_adjusted,-0.6329240971387872
2011-07-01,tfp_util_adjusted,-1.519468432264543
2011-10-01,tfp_util_adjusted,-0.4771956906188258
2012-01-01,tfp_util_adjusted,0.745009900749861
2012-04-01,tfp_util_adjusted,1.1369286834988497
2012-07-01,tfp_util_adjusted,0.5869161109585499
2012-10-01,tfp_util_adjusted,0.043475056148363556
2013-01-01,tfp_util_adjusted,-0.8333438876022379
2013-04-01,tfp_util_adjusted,-0.9793845874599266
2013-07-01,tfp_util_adjusted,0.15466119724708677
2013-10-01,tfp_util_adjusted,0.6690211208080405
2014-01-01,tfp_util_adjusted,0.2905322072327027
2014-04-01,tfp_util_adjusted,1.0804059383568323
2014-07-01,tfp_util_adjusted,1.1479016526382368
2014-10-01,tfp_util_adjusted,0.3132469299051029
2015-01-01,tfp_util_adjusted,1.3435474675811314
2015-04-01,tfp_util_adjusted,1.2967840129910952
2015-07-01,tfp_util_adjusted,0.3852546171322877
2015-10-01,tfp_util_adjusted,0.03991095156094965
2016-01-01,tfp_util_adjusted,-0.02703721999256753
2016-04-01,tfp_util_adjusted,-1.4633269479350588
2016-07-01,tfp_util_adjusted,-0.5777767734141408
2016-10-01,tfp_util_adjusted,0.4286562039024826
2017-01-01,tfp_util_adjusted,0.35486951520867954
2017-04-01,tfp_util_adjusted,0.7831976352322074
2017-07-01,tfp_util_adjusted,0.8951259407069478
2017-10-01,tfp_util_adjusted,0.963106867380346
2018-01-01,tfp_util_adjusted,0.289217408804604
2018-04-01,tfp_util_adjusted,0.3708692191010412
2018-07-01,tfp_util_adjusted,0.622955207553196
2018-10-01,tfp_util_adjusted,0.21694427571005395
2019-01-01,tfp_util_adjusted,1.645147705850807
2019-04-01,tfp_util_adjusted,2.394345709078396
2019-07-01,tfp_util_adjusted,2.788162156740378
2019-10-01,tfp_util_adjusted,3.7999326552145662
2020-01-01,tfp_util_adjusted,1.9945761432495086
2020-04-01,tfp_util_adjusted,2.8215516477366998
2020-07-01,tfp_util_adjusted,1.2214595807189816
2020-10-01,tfp_util_adjusted,1.208854506839974
2021-01-01,tfp_util_adjusted,1.4043141961914354
2021-04-01,tfp_util_adjusted,0.22310925926703565
2021-07-01,tfp_util_adjusted,1.2746869783283428
2021-10-01,tfp_util_adjusted,1.262840741030783
2022-01-01,tfp_util_adjusted,0.7708353729150996
2022-04-01,tfp_util_adjusted,-0.08346826374425087
2022-07-01,tfp_util_adjusted,-0.30113960509352505
2022-10-01,tfp_util_adjusted,-1.395823066122149
2023-01-01,tfp_util_adjusted,-0.03644819469428029
2023-04-01,tfp_util_adjusted,1.3291364751233528
2023-07-01,tfp_util_adjusted,1.3472848064632328
2023-10-01,tfp_util_adjusted,3.3432065360580348
2024-01-01,tfp_util_adjusted,2.6122446179371175
2024-04-01,tfp_util_adjusted,2.0501333265448727
2024-07-01,tfp_util_adjusted,1.931925020949038
2024-10-01,tfp_util_adjusted,0.44188553718678725
2025-01-01,tfp_util_adjusted,0.08682774215561401
2025-04-01,tfp_util_adjusted,0.266791766842894
2025-07-01,tfp_util_adjusted,0.6335522264530384
2025-10-01,tfp_util_adjusted,0.2628375321828836
2026-01-01,tfp_util_adjusted,0.31400864220290997
2026-04-01,tfp_util_adjusted,-0.34428791382423046
1948-01-01,utilization,-0.3550894661735559
1948-04-01,utilization,-0.7998751625366248
1948-07-01,utilization,-0.6609066609920132
1948-10-01,utilization,-2.4789265985330404
1949-01-01,utilization,-2.9303963633005417
1949-04-01,utilization,-4.525442440319207
1949-07-01,utilization,-2.4477578251311547
1949-10-01,utilization,-2.816700112553727
1950-01-01,utilization,0.39789870001560057
1950-04-01,utilization,4.438961062507401
1950-07-01,utilization,5.645487421605571
1950-10-01,utilization,6.647590387962101
1951-01-01,utilization,4.578938786574232
1951-04-01,utilization,3.0222980777135207
1951-07-01,utilization,0.03258881823842166
1951-10-01,utilization,0.09470914997945405
1952-01-01,utilization,1.2938138099112597
1952-04-01,utilization,-0.9826908064169753
1952-07-01,utilization,0.9139711680114615
1952-10-01,utilization,2.626147357935121
1953-01-01,utilization,0.34879058968979404
1953-04-01,utilization,1.0605857039861806
1953-07-01,utilization,-1.9821881087647313
1953-10-01,utilization,-5.874786092487624
1954-01-01,utilization,-6.360898747694701
1954-04-01,utilization,-5.6384082297168465
1954-07-01,utilization,-3.465765938489567
1954-10-01,utilization,-0.4043556075333654
1955-01-01,utilization,3.2962874482966056
1955-04-01,utilization,4.316247326187392
1955-07-01,utilization,3.879321637734563
1955-10-01,utilization,3.752717180833918
1956-01-01,utilization,0.49347846721203015
1956-04-01,utilization,-1.5758780690656762
1956-07-01,utilization,-1.0644288307821992
1956-10-01,utilization,-1.0095972579140124
1957-01-01,utilization,-0.9198394832579548
1957-04-01,utilization,-1.6649480365618816
1957-07-01,utilization,-2.6277783501738536
1957-10-01,utilization,-5.93460495712371
1958-01-01,utilization,-6.976583445025211
1958-04-01,utilization,-4.643432960790637
1958-07-01,utilization,-1.9686090660877666
1958-10-01,utilization,1.615484760771839
1959-01-01,utilization,5.826343396351642
1959-04-01,utilization,6.471383517675697
1959-07-01,utilization,3.2595066334492824
1959-10-01,utilization,1.1427616076876825
1960-01-01,utilization,-0.4155467340360399
1960-04-01,utilization,-3.169391407839008
1960-07-01,utilization,-2.4904427552119723
1960-10-01,utilization,-3.397408861650205
1961-01-01,utilization,-3.4980454982203306
1961-04-01,utilization,0.08304884502799792
1961-07-01,utilization,1.195878323023029
1961-10-01,utilization,4.901692150003319
1962-01-01,utilization,3.8179481468484275
1962-04-01,utilization,2.5143255919300938
1962-07-01,utilization,1.9575929043853542
1962-10-01,utilization,-0.2785669033757569
1963-01-01,utilization,0.6596529837394014
1963-04-01,utilization,0.6445059459609188
1963-07-01,utilization,0.9920487207428595
1963-10-01,utilization,1.498629061738349
1964-01-01,utilization,0.5327156917443515
1964-04-01,utilization,1.0886051594541943
1964-07-01,utilization,0.8966972856629565
1964-10-01,utilization,0.7305779587135692
1965-01-01,utilization,3.0425923374465325
1965-04-01,utilization,1.6355119412939125
1965-07-01,utilization,1.0858132327295644
1965-10-01,utilization,1.7154944145121251
1966-01-01,utilization,0.6354575869749595
1966-04-01,utilization,0.7473743088732672
1966-07-01,utilization,0.8075435354508242
1966-10-01,utilization,-0.5611926184618614
1967-01-01,utilization,-3.1128492971032755
1967-04-01,utilization,-3.7196252501216325
1967-07-01,utilization,-2.7773506700296977
1967-10-01,utilization,-2.753201084684293
1968-01-01,utilization,-0.8423771982006212
1968-04-01,utilization,0.130716114694135
1968-07-01,utilization,0.09191222286746106
1968-10-01,utilization,1.0328036397085512
1969-01-01,utilization,1.0515299914135785
1969-04-01,utilization,1.2488555734610398
1969-07-01,utilization,0.885291992533397
1969-10-01,utilization,0.030325648555346613
1970-01-01,utilization,-1.7315862406644889
1970-04-01,utilization,-3.5850734626482894
1970-07-01,utilization,-3.9726197619619836
1970-10-01,utilization,-4.393102385244944
1971-01-01,utilization,-1.6166394774158288
1971-04-01,utilization,-0.1446815092267394
1971-07-01,utilization,-1.2025935398748537
1971-10-01,utilization,1.1029843209081611
1972-01-01,utilization,0.5529857537117643
1972-04-01,utilization,1.3614764933616128
1972-07-01,utilization,2.7234224702677827
1972-10-01,utilization,2.15593056545652
1973-01-01,utilization,2.034906714881732
1973-04-01,utilization,1.618111098127121
1973-07-01,utilization,1.4227595216926459
1973-10-01,utilization,0.5412373132534987
1974-01-01,utilization,-1.0937952324104883
1974-04-01,utilization,-2.940650643697502
1974-07-01,utilization,-2.3372963998380327
1974-10-01,utilization,-4.148734682128027
1975-01-01,utilization,-5.307377377389585
1975-04-01,utilization,-3.7211853907758434
1975-07-01,utilization,-2.2989261516056443
1975-10-01,utilization,1.115230818197265
1976-01-01,utilization,4.99842234220525
1976-04-01,utilization,4.460941274388965
1976-07-01,utilization,2.8712705222496018
1976-10-01,utilization,0.6047650126066684
1977-01-01,utilization,-0.979066388371047
1977-04-01,utilization,0.9178415219160134
1977-07-01,utilization,0.15233567416779406
1977-10-01,utilization,1.5148737857032708
1978-01-01,utilization,0.3114526249782113
1978-04-01,utilization,0.8422675914059798
1978-07-01,utilization,1.2515287573711715
1978-10-01,utilization,0.9691337421731078
1979-01-01,utilization,2.074617176542855
1979-04-01,utilization,-2.297466421212255
1979-07-01,utilization,-1.246394101229233
1979-10-01,utilization,-1.7369160948950255
1980-01-01,utilization,-3.828235376588567
1980-04-01,utilization,-2.7846360046258076
1980-07-01,utilization,-3.176433238319425
1980-10-01,utilization,-0.6786826588087279
1981-01-01,utilization,1.340829922197769
1981-04-01,utilization,2.8004333849542276
1981-07-01,utilization,1.207988581641932
1981-10-01,utilization,-2.444568120764795
1982-01-01,utilization,-3.911656501357572
1982-04-01,utilization,-3.7071333000144655
1982-07-01,utilization,-2.682079090329672
1982-10-01,utilization,-1.4593225665592369
1983-01-01,utilization,1.1667265397182147
1983-04-01,utilization,2.5462940917961743
1983-07-01,utilization,4.102884769186332
1983-10-01,utilization,5.323333850958036
1984-01-01,utilization,4.909714404916087
1984-04-01,utilization,3.145592025632511
1984-07-01,utilization,1.2786872143790449
1984-10-01,utilization,-0.2441443571932834
1985-01-01,utilization,-1.4502175696400579
1985-04-01,utilization,-1.3480576142192946
1985-07-01,utilization,-0.7462832361811805
1985-10-01,utilization,0.03265706482778294
1986-01-01,utilization,0.44882702377898054
1986-04-01,utilization,-0.46492417745775416
1986-07-01,utilization,-0.7211030837329125
1986-10-01,utilization,-1.0534601034665467
1987-01-01,utilization,0.03291694392197962
1987-04-01,utilization,0.8903806384947848
1987-07-01,utilization,0.8447760028659843
1987-10-01,utilization,1.147146638432521
1988-01-01,utilization,-0.7056088462830631
1988-04-01,utilization,-1.0109150361041366
1988-07-01,utilization,-1.1259420135117366
1988-10-01,utilization,-1.241938521290317
1989-01-01,utilization,-0.09498690099714674
1989-04-01,utilization,-0.09886282173859384
1989-07-01,utilization,-0.5318420257947485
1989-10-01,utilization,-0.7826939232184076
1990-01-01,utilization,-0.5040269330813085
1990-04-01,utilization,0.08464700155105688
1990-07-01,utilization,0.19397223239640587
1990-10-01,utilization,-0.7182707850816166
1991-01-01,utilization,-2.029505967584455
1991-04-01,utilization,-2.069645110157574
1991-07-01,utilization,-1.106583323883955
1991-10-01,utilization,0.09659074988048774
1992-01-01,utilization,0.8145600511617906
1992-04-01,utilization,1.396503939629333
1992-07-01,utilization,0.9301330047725186
1992-10-01,utilization,1.0636728954698562
1993-01-01,utilization,1.7749361945274467
1993-04-01,utilization,1.457794689898547
1993-07-01,utilization,1.788407931612585
1993-10-01,utilization,1.759870285263775
1994-01-01,utilization,1.5930043538590708
1994-04-01,utilization,1.4858435062015283
1994-07-01,utilization,0.8666147963785
1994-10-01,utilization,0.8681472729947255
1995-01-01,utilization,-0.15313121238508376
1995-04-01,utilization,-1.672548968970641
1995-07-01,utilization,-1.2593802763263917
1995-10-01,utilization,-1.6749718376076652
1996-01-01,utilization,-2.0621756048084374
1996-04-01,utilization,0.5562925409879463
1996-07-01,utilization,0.8171637932058393
1996-10-01,utilization,0.7346302690438941
1997-01-01,utilization,2.1242825082689105
1997-04-01,utilization,0.7685560818599713
1997-07-01,utilization,0.12700010839474862
1997-10-01,utilization,0.7767429839860616
1998-01-01,utilization,0.43512566307396455
1998-04-01,utilization,-0.6045158543068815
1998-07-01,utilization,-0.5373582040998316
1998-10-01,utilization,-0.5387041429788227
1999-01-01,utilization,-0.7758099378882393
1999-04-01,utilization,-0.16599301463670002
1999-07-01,utilization,0.04169828014896071
1999-10-01,utilization,-0.7552245965948154
2000-01-01,utilization,-0.1453202844254004
2000-04-01,utilization,-0.0015921758866140473
2000-07-01,utilization,-0.625420854720965
2000-10-01,utilization,-1.1556842977326238
2001-01-01,utilization,-2.06111211007744
2001-04-01,utilization,-2.4899053612169144
2001-07-01,utilization,-2.676861688423978
2001-10-01,utilization,-2.7105154061271475
2002-01-01,utilization,-1.776825013077224
2002-04-01,utilization,-0.8947181102905197
2002-07-01,utilization,-0.4009492017573657
2002-10-01,utilization,0.676389534718761
2003-01-01,utilization,0.613222051166598
2003-04-01,utilization,0.10908997895062475
2003-07-01,utilization,0.4791751833275776
2003-10-01,utilization,1.295655651929654
2004-01-01,utilization,1.3135924282648228
2004-04-01,utilization,1.2627436433308952
2004-07-01,utilization,1.1638579337970598
2004-10-01,utilization,-0.32819781002301496
2005-01-01,utilization,-0.6063164384728128
2005-04-01,utilization,-0.5075546516367337
2005-07-01,utilization,-0.046006553950565666
2005-10-01,utilization,1.2883427790328201
2006-01-01,utilization,1.3926272032885634
2006-04-01,utilization,2.149815313841574
2006-07-01,utilization,1.967443556926166
2006-10-01,utilization,0.9794399971096367
2007-01-01,utilization,0.7249388388255611
2007-04-01,utilization,0.45593819679608677
2007-07-01,utilization,-0.24378254861952392
2007-10-01,utilization,-0.66450999613645
2008-01-01,utilization,-0.49046245632313973
2008-04-01,utilization,-1.0017080992616487
2008-07-01,utilization,-1.411530999335181
2008-10-01,utilization,-2.4781406217563213
2009-01-01,utilization,-4.377145280828835
2009-04-01,utilization,-5.582869030062053
2009-07-01,utilization,-3.6753035861227743
2009-10-01,utilization,-1.0660409273220603
2010-01-01,utilization,1.8120246112012641
2010-04-01,utilization,4.390247488874671
2010-07-01,utilization,3.709336357485552
2010-10-01,utilization,3.1639856296019238
2011-01-01,utilization,2.0965990172816333
2011-04-01,utilization,1.3683048905956734
2011-07-01,utilization,0.6436388465765619
2011-10-01,utilization,0.4688808014026048
2012-01-01,utilization,0.7884215472415396
2012-04-01,utilization,0.012192181563128235
2012-07-01,utilization,0.25199513518517513
2012-10-01,utilization,0.35575991867285595
2013-01-01,utilization,0.2293064551571431
2013-04-01,utilization,0.5128477898031321
2013-07-01,utilization,0.4022281386065693
2013-10-01,utilization,0.026368762965383333
2014-01-01,utilization,-0.40801081200159256
2014-04-01,utilization,0.05395991773303687
2014-07-01,utilization,0.2813707192261594
2014-10-01,utilization,0.695284620467169
2015-01-01,utilization,0.6784528493898014
2015-04-01,utilization,-0.24277226247993827
2015-07-01,utilization,-0.1843312957884215
2015-10-01,utilization,-0.6468434140001282
2016-01-01,utilization,-0.3816628269492879
2016-04-01,utilization,-0.03156396967729069
2016-07-01,utilization,-0.16033867465535964
2016-10-01,utilization,-0.044509097039522376
2017-01-01,utilization,-0.34360289201409655
2017-04-01,utilization,0.1412087459570797
2017-07-01,utilization,-0.0519849262693025
2017-10-01,utilization,0.172641664272083
2018-01-01,utilization,0.7344828897067016
2018-04-01,utilization,0.6888309187032672
2018-07-01,utilization,0.32804597821385406
2018-10-01,utilization,-0.17862556523618903
2019-01-01,utilization,-0.8256920545072817
2019-04-01,utilization,-1.6512446473547577
2019-07-01,utilization,-1.7834463256800066
2019-10-01,utilization,-1.9952478669565228
2020-01-01,utilization,-2.192680509469094
2020-04-01,utilization,-6.190303325128044
2020-07-01,utilization,-0.7478758994794046
2020-10-01,utilization,0.8522445640009564
2021-01-01,utilization,2.174497140047258
2021-04-01,utilization,6.869734044564486
2021-07-01,utilization,1.825998705200648
2021-10-01,utilization,0.5700753543325798
2022-01-01,utilization,-0.26103829241630794
2022-04-01,utilization,-0.6369324911672908
2022-07-01,utilization,-0.7727395789978181
2022-10-01,utilization,-1.1470666355348156
2023-01-01,utilization,-1.0823306351773476
2023-04-01,utilization,-1.1664446340827919
2023-07-01,utilization,-0.764675517282908
2023-10-01,utilization,-1.0046386280539532
2024-01-01,utilization,-0.8729399597720295
2024-04-01,utilization,-0.11710403948690615
2024-07-01,utilization,-0.20451886131446784
2024-10-01,utilization,0.4747812331827733
2025-01-01,utilization,0.6041832796947536
2025-04-01,utilization,0.3257640794929243
2025-07-01,utilization,0.737618418698641
2025-10-01,utilization,0.9536174815874026
2026-01-01,utilization,1.2998162440544478
2026-04-01,utilization,1.5126230852952167
