date,Not seasonally adjusted,Seasonally adjusted
2025-01-01,-153.002,-151.705
2025-02-01,-120.606,-144.902
2025-03-01,-150.839,-158.729
2025-04-01,-86.552,-85.539
2025-05-01,-91.581,-91.546
2025-06-01,-84.869,-84.173
2025-07-01,-116.676,-101.285
2025-08-01,-83.142,-85.156
2025-09-01,-91.623,-82.731
2025-10-01,-72.32,-61.441
2025-11-01,-79.652,-86.834
2025-12-01,-103.756,-100.581
2026-01-01,-74.151,-79.023
2026-02-01,-58.418,-81.737
2026-03-01,-80.892,-85.119
2026-04-01,-82.46,-82.231
2026-05-01,-103.648,-105.327
2026-06-01,-109.257,-101.054
2026-07-01,-135.466,-118.941
