company,filed,accession,title,amount,coupon,maturity
Alphabet,2026-08-07,0001193125-26-340264,Floating Rate Notes due 2028,750000000,NA,2028-08-07
Alphabet,2026-08-07,0001193125-26-340264,4.500% Notes due 2028,1250000000,4.5,2028-08-07
Alphabet,2026-08-07,0001193125-26-340264,Floating Rate Notes due 2029,500000000,NA,2029-08-07
Alphabet,2026-08-07,0001193125-26-340264,4.625% Notes due 2029,2000000000,4.625,2029-08-07
Alphabet,2026-08-07,0001193125-26-340264,4.875% Notes due 2031,3500000000,4.875,2031-08-07
Alphabet,2026-08-07,0001193125-26-340264,5.200% Notes due 2033,2500000000,5.2,2033-08-07
Alphabet,2026-08-07,0001193125-26-340264,5.450% Notes due 2036,4500000000,5.45,2036-08-07
Alphabet,2026-08-07,0001193125-26-340264,6.250% Notes due 2046,3000000000,6.25,2046-08-07
Alphabet,2026-08-07,0001193125-26-340264,6.375% Notes due 2056,4500000000,6.375,2056-08-07
Alphabet,2026-08-07,0001193125-26-340264,6.500% Notes due 2066,2500000000,6.5,2066-08-07
Alphabet,2026-05-07,0001193125-26-212222,3.650% Notes due 2031,1101402452.46,3.65,2031-05-07
Alphabet,2026-05-07,0001193125-26-212222,4.000% Notes due 2033,1468536603.27,4,2033-05-07
Alphabet,2026-05-07,0001193125-26-212222,4.350% Notes due 2036,1652103678.68,4.35,2036-05-07
Alphabet,2026-05-07,0001193125-26-212222,5.000% Notes due 2056,2019237829.5,5,2056-05-07
Alphabet,2026-02-11,0001193125-26-046846,3.700% Notes due 2029,2500000000,3.7,2029-02-11
Alphabet,2026-02-11,0001193125-26-046846,4.100% Notes due 2031 ,3000000000,4.1,2031-02-11
Alphabet,2026-02-11,0001193125-26-046846,4.400% Notes due 20303,3000000000,4.4,2030-02-11
Alphabet,2026-02-11,0001193125-26-046846,4.800% Notes due 20326,4250000000,4.8,2032-02-11
Alphabet,2026-02-11,0001193125-26-046846,5.500% Notes due 2046 ,1500000000,5.5,2046-02-11
Alphabet,2026-02-11,0001193125-26-046846,5.650% Notes due 2056,4000000000,5.65,2056-02-11
Alphabet,2026-02-11,0001193125-26-046846,5.750% Notes due 2066,1750000000,5.75,2066-02-11
Alphabet,2025-11-05,0001193125-25-267244,Floating Rate Notes due 2028,500000000,NA,2028-11-05
Alphabet,2025-11-05,0001193125-25-267244,3.875% Notes due 2028,1000000000,3.875,2028-11-05
Alphabet,2025-11-05,0001193125-25-267244,4.100% Notes due 2030,2500000000,4.1,2030-11-05
Alphabet,2025-11-05,0001193125-25-267244,4.375% Notes due 2032,1250000000,4.375,2032-11-05
Alphabet,2025-11-05,0001193125-25-267244,4.700% Notes due 2035,3500000000,4.7,2035-11-05
Alphabet,2025-11-05,0001193125-25-267244,5.350% Notes due 2045,2000000000,5.35,2045-11-05
Alphabet,2025-11-05,0001193125-25-267244,5.450% Notes due 2055,4000000000,5.45,2055-11-05
Alphabet,2025-11-05,0001193125-25-267244,5.700% Notes due 2075,2750000000,5.7,2075-11-05
Alphabet,2025-04-30,0001193125-25-107005,4.000% Notes due 2030,750000000,4,2030-04-30
Alphabet,2025-04-30,0001193125-25-107005,4.500% Notes due 2035,1250000000,4.5,2035-04-30
Alphabet,2025-04-30,0001193125-25-107005,5.300% Notes due 2065,1500000000,5.3,2065-04-30
Alphabet,2025-04-30,0001193125-25-107005,5.250% Notes due 2055,1500000000,5.25,2055-04-30
Amazon,2026-07-08,0001104659-26-081786,Floating Rate Notes due 2029,750000000,NA,2029-07-08
Amazon,2026-07-08,0001104659-26-081786,4.600% Notes due 2029,3500000000,4.6,2029-07-08
Amazon,2026-07-08,0001104659-26-081786,4.800% Notes due 2031,4250000000,4.8,2031-07-08
Amazon,2026-07-08,0001104659-26-081786,5.100% Notes due 2033,3000000000,5.1,2033-07-08
Amazon,2026-07-08,0001104659-26-081786,5.300% Notes due 2036,4500000000,5.3,2036-07-08
Amazon,2026-07-08,0001104659-26-081786,6.000% Notes due 2046,2750000000,6,2046-07-08
Amazon,2026-07-08,0001104659-26-081786,6.100% Notes due 2056,4000000000,6.1,2056-07-08
Amazon,2026-07-08,0001104659-26-081786,6.250% Notes due 2066,2250000000,6.25,2066-07-08
Amazon,2026-06-10,0001104659-26-072332,3.400% Notes due 2029,897250000,3.4,2029-06-10
Amazon,2026-06-10,0001104659-26-072332,3.700% Notes due 2031,1794500000,3.7,2031-06-10
Amazon,2026-06-10,0001104659-26-072332,4.000% Notes due 2033,1435600000,4,2033-06-10
Amazon,2026-06-10,0001104659-26-072332,4.350% Notes due 2036,2512300000,4.35,2036-06-10
Amazon,2026-06-10,0001104659-26-072332,5.000% Notes due 2056,3409550000,5,2056-06-10
Amazon,2026-03-12,0001104659-26-027125,Floating Rate Notes due 2028,1750000000,NA,2028-03-12
Amazon,2026-03-12,0001104659-26-027125,Floating Rate Notes due 2029,1000000000,NA,2029-03-12
Amazon,2026-03-12,0001104659-26-027125,3.850% Notes due 2028,2248627500,3.85,2028-03-12
Amazon,2026-03-12,0001104659-26-027125,4.000% Notes due 2029,2999670000,4,2029-03-12
Amazon,2026-03-12,0001104659-26-027125,4.250% Notes due 2031,4992000000,4.25,2031-03-12
Amazon,2026-03-12,0001104659-26-027125,4.550% Notes due 2033,3992640000,4.55,2033-03-12
Amazon,2026-03-12,0001104659-26-027125,4.875% Notes due 2036,5988240000,4.875,2036-03-12
Amazon,2026-03-12,0001104659-26-027125,5.650% Notes due 2046,2485775000,5.65,2046-03-12
Amazon,2026-03-12,0001104659-26-027125,5.800% Notes due 2056,5469035000,5.8,2056-03-12
Amazon,2026-03-12,0001104659-26-027125,5.950% Notes due 2066,2990910000,5.95,2066-03-12
Amazon,2026-03-12,0001104659-26-027125,6.050% Notes due 2076,2981280000,6.05,2076-03-12
Amazon,2025-11-19,0001104659-25-114098,3.900% Notes due 2028,2500000000,3.9,2028-11-19
Amazon,2025-11-19,0001104659-25-114098,4.100% Notes due 2030,2500000000,4.1,2030-11-19
Amazon,2025-11-19,0001104659-25-114098,4.350% Notes due 2033,1500000000,4.35,2033-11-19
Amazon,2025-11-19,0001104659-25-114098,4.650% Notes due 2035,3500000000,4.65,2035-11-19
Amazon,2025-11-19,0001104659-25-114098,5.450% Notes due 2055,3000000000,5.45,2055-11-19
Amazon,2025-11-19,0001104659-25-114098,5.550% Notes due 2065,2000000000,5.55,2065-11-19
Meta,2026-05-01,0001193125-26-201738,4.550% Senior Notes due 2031,3000000000,4.55,2031-05-01
Meta,2026-05-01,0001193125-26-201738,4.875% Senior Notes due 2033,2000000000,4.875,2033-05-01
Meta,2026-05-01,0001193125-26-201738,5.250% Senior Notes due 2036,6000000000,5.25,2036-05-01
Meta,2026-05-01,0001193125-26-201738,6.200% Senior Notes due 2046,4000000000,6.2,2046-05-01
Meta,2026-05-01,0001193125-26-201738,6.300% Senior Notes due 2056,6000000000,6.3,2056-05-01
Meta,2026-05-01,0001193125-26-201738,6.450% Senior Notes due 2066,4000000000,6.45,2066-05-01
Meta,2025-11-03,0001193125-25-261217,4.200% Senior Notes due 2030,4000000000,4.2,2030-11-03
Meta,2025-11-03,0001193125-25-261217,4.600% Senior Notes due 2032,4000000000,4.6,2032-11-03
Meta,2025-11-03,0001193125-25-261217,4.875% Senior Notes due 2035,6500000000,4.875,2035-11-03
Meta,2025-11-03,0001193125-25-261217,5.500% Senior Notes due 2045,4500000000,5.5,2045-11-03
Meta,2025-11-03,0001193125-25-261217,5.625% Senior Notes due 2055,6500000000,5.625,2055-11-03
Meta,2025-11-03,0001193125-25-261217,5.750% Senior Notes due 2065,4500000000,5.75,2065-11-03
Meta,2024-08-08,0001193125-24-197096,5.400% Senior Notes due 2054,3237032500,5.4,2054-08-08
Meta,2024-08-08,0001193125-24-197096,5.550% Senior Notes due 2064,2738120000,5.55,2064-08-08
Meta,2024-08-08,0001193125-24-197096,4.300% Senior Notes due 2029,998070000,4.3,2029-08-08
Meta,2024-08-08,0001193125-24-197096,4.550% Senior Notes due 2031,999520000,4.55,2031-08-08
Meta,2024-08-08,0001193125-24-197096,4.750% Senior Notes due 2034,2495250000,4.75,2034-08-08
Oracle,2026-02-03,0001193125-26-035603,Floating Rate Notes due 2029,500000000,NA,2029-02-03
Oracle,2026-02-03,0001193125-26-035603,4.550% Notes due 2029,3000000000,4.55,2029-02-03
Oracle,2026-02-03,0001193125-26-035603,4.950% Notes due 2031,3500000000,4.95,2031-02-03
Oracle,2026-02-03,0001193125-26-035603,5.350% Notes due 2033,3000000000,5.35,2033-02-03
Oracle,2026-02-03,0001193125-26-035603,5.700% Notes due 2036,5000000000,5.7,2036-02-03
Oracle,2026-02-03,0001193125-26-035603,6.550% Notes due 2046,2250000000,6.55,2046-02-03
Oracle,2026-02-03,0001193125-26-035603,6.700% Notes due 2056,5000000000,6.7,2056-02-03
Oracle,2026-02-03,0001193125-26-035603,6.850% Notes due 2066,2750000000,6.85,2066-02-03
Oracle,2025-09-25,0001193125-25-217490,4.450% Notes due 2030,3000000000,4.45,2030-09-25
Oracle,2025-09-25,0001193125-25-217490,4.800% Notes due 2032,3000000000,4.8,2032-09-25
Oracle,2025-09-25,0001193125-25-217490,5.200% Notes due 2035,4000000000,5.2,2035-09-25
Oracle,2025-09-25,0001193125-25-217490,5.875% Notes due 2045,2500000000,5.875,2045-09-25
Oracle,2025-09-25,0001193125-25-217490,5.950% Notes due 2055,3500000000,5.95,2055-09-25
Oracle,2025-09-25,0001193125-25-217490,6.100% Notes due 2065,2000000000,6.1,2065-09-25
Oracle,2025-01-31,0001193125-25-018491,Floating Rate Notes due 2028,500000000,NA,2028-01-31
Oracle,2025-01-31,0001193125-25-018491,4.800% Notes due 2028,1500000000,4.8,2028-01-31
Oracle,2025-01-31,0001193125-25-018491,5.250% Notes due 2032,1250000000,5.25,2032-01-31
Oracle,2025-01-31,0001193125-25-018491,5.500% Notes due 2035,1750000000,5.5,2035-01-31
Oracle,2025-01-31,0001193125-25-018491,6.000% Notes due 2055,1750000000,6,2055-01-31
Oracle,2025-01-31,0001193125-25-018491,6.125% Notes due 2065,1000000000,6.125,2065-01-31
Oracle,2024-09-26,0001193125-24-227049,4.200% Notes due 2029,1500000000,4.2,2029-09-26
Oracle,2024-09-26,0001193125-24-227049,4.700% Notes due 2034,1750000000,4.7,2034-09-26
Oracle,2024-09-26,0001193125-24-227049,5.375% Notes due 2054,1750000000,5.375,2054-09-26
Oracle,2024-09-26,0001193125-24-227049,5.500% Notes due 2064,1250000000,5.5,2064-09-26
