quarter_end,software,computers,data_centers,power,total
2022-03-01,0.327,0.053,-0.003,-0.048,0.329
2022-06-01,0.323,0.04,0.001,-0.046,0.318
2022-09-01,0.316,0.047,0,-0.034,0.33
2022-12-01,0.321,-0.016,0.003,-0.013,0.295
2023-03-01,0.218,-0.066,0.017,0.042,0.21
2023-06-01,0.164,-0.046,0.018,0.06,0.197
2023-09-01,0.148,-0.067,0.025,0.093,0.199
2023-12-01,0.128,0.001,0.038,0.125,0.293
2024-03-01,0.176,0.065,0.033,0.064,0.338
2024-06-01,0.173,0.097,0.041,0.042,0.354
2024-09-01,0.153,0.144,0.043,0.007,0.346
2024-12-01,0.114,0.103,0.04,-0.013,0.244
2025-03-01,0.157,0.19,0.035,0.019,0.401
2025-06-01,0.283,0.25,0.035,0.02,0.589
2025-09-01,0.291,0.292,0.029,0.018,0.63
2025-12-01,0.303,0.443,0.025,0.022,0.793
2026-03-01,0.332,0.468,0.03,0.01,0.84
2026-06-01,0.26,0.347,0.037,0.014,0.658
