quarter_end,before_netting_imports,net_of_imported_computers,net_lowest,net_highest
2022-03-01,0.329,0.292,0.284,0.299
2022-06-01,0.318,0.283,0.278,0.292
2022-09-01,0.33,0.308,0.301,0.318
2022-12-01,0.295,0.339,0.339,0.344
2023-03-01,0.21,0.29,0.29,0.303
2023-06-01,0.197,0.246,0.246,0.253
2023-09-01,0.199,0.241,0.241,0.249
2023-12-01,0.293,0.276,0.275,0.288
2024-03-01,0.338,0.288,0.277,0.297
2024-06-01,0.354,0.29,0.269,0.291
2024-09-01,0.346,0.249,0.22,0.25
2024-12-01,0.244,0.176,0.156,0.176
2025-03-01,0.401,0.235,0.2,0.238
2025-06-01,0.589,0.443,0.4,0.451
2025-09-01,0.63,0.518,0.478,0.521
2025-12-01,0.793,0.514,0.45,0.514
2026-03-01,0.84,0.572,0.511,0.572
2026-06-01,0.658,0.451,0.342,0.451
