date,gdp_nominal,gdp_real,capital_goods_exports,consumer_goods_exports,capital_goods_imports,consumer_goods_imports,computer_exports_nominal,computer_exports_real,computer_imports_nominal,computer_imports_real,computers_nominal,computers_real,software_nominal,software_real,data_centers_nominal,data_centers_real,power_nominal,power_real
1947-03-01,243164,2182681,NA,NA,NA,NA,NA,NA,NA,NA,NA,NA,NA,NA,NA,NA,NA,NA
1947-06-01,245968,2176892,NA,NA,NA,NA,NA,NA,NA,NA,NA,NA,NA,NA,NA,NA,NA,NA
1947-09-01,249585,2172432,NA,NA,NA,NA,NA,NA,NA,NA,NA,NA,NA,NA,NA,NA,NA,NA
1947-12-01,259745,2206452,NA,NA,NA,NA,NA,NA,NA,NA,NA,NA,NA,NA,NA,NA,NA,NA
1948-03-01,265742,2239682,NA,NA,NA,NA,NA,NA,NA,NA,NA,NA,NA,NA,NA,NA,NA,NA
1948-06-01,272567,2276690,NA,NA,NA,NA,NA,NA,NA,NA,NA,NA,NA,NA,NA,NA,NA,NA
1948-09-01,279196,2289770,NA,NA,NA,NA,NA,NA,NA,NA,NA,NA,NA,NA,NA,NA,NA,NA
1948-12-01,280366,2292364,NA,NA,NA,NA,NA,NA,NA,NA,NA,NA,NA,NA,NA,NA,NA,NA
1949-03-01,275034,2260807,NA,NA,NA,NA,NA,NA,NA,NA,NA,NA,NA,NA,NA,NA,NA,NA
1949-06-01,271351,2253128,NA,NA,NA,NA,NA,NA,NA,NA,NA,NA,NA,NA,NA,NA,NA,NA
1949-09-01,272889,2276424,NA,NA,NA,NA,NA,NA,NA,NA,NA,NA,NA,NA,NA,NA,NA,NA
1949-12-01,270627,2257352,NA,NA,NA,NA,NA,NA,NA,NA,NA,NA,NA,NA,NA,NA,NA,NA
1950-03-01,280828,2346104,NA,NA,NA,NA,NA,NA,NA,NA,NA,NA,NA,NA,NA,NA,NA,NA
1950-06-01,290383,2417682,NA,NA,NA,NA,NA,NA,NA,NA,NA,NA,NA,NA,NA,NA,NA,NA
1950-09-01,308153,2511127,NA,NA,NA,NA,NA,NA,NA,NA,NA,NA,NA,NA,NA,NA,NA,NA
1950-12-01,319945,2559214,NA,NA,NA,NA,NA,NA,NA,NA,NA,NA,NA,NA,NA,NA,NA,NA
1951-03-01,336000,2593967,NA,NA,NA,NA,NA,NA,NA,NA,NA,NA,NA,NA,NA,NA,NA,NA
1951-06-01,344090,2638898,NA,NA,NA,NA,NA,NA,NA,NA,NA,NA,NA,NA,NA,NA,NA,NA
1951-09-01,351385,2693259,NA,NA,NA,NA,NA,NA,NA,NA,NA,NA,NA,NA,NA,NA,NA,NA
1951-12-01,356178,2699156,NA,NA,NA,NA,NA,NA,NA,NA,NA,NA,NA,NA,NA,NA,NA,NA
1952-03-01,359820,2727954,NA,NA,NA,NA,NA,NA,NA,NA,NA,NA,NA,NA,NA,NA,NA,NA
1952-06-01,361030,2733800,NA,NA,NA,NA,NA,NA,NA,NA,NA,NA,NA,NA,NA,NA,NA,NA
1952-09-01,367701,2753517,NA,NA,NA,NA,NA,NA,NA,NA,NA,NA,NA,NA,NA,NA,NA,NA
1952-12-01,380812,2843941,NA,NA,NA,NA,NA,NA,NA,NA,NA,NA,NA,NA,NA,NA,NA,NA
1953-03-01,387980,2896811,NA,NA,NA,NA,NA,NA,NA,NA,NA,NA,NA,NA,NA,NA,NA,NA
1953-06-01,391749,2919206,NA,NA,NA,NA,NA,NA,NA,NA,NA,NA,NA,NA,NA,NA,NA,NA
1953-09-01,391171,2902785,NA,NA,NA,NA,NA,NA,NA,NA,NA,NA,NA,NA,NA,NA,NA,NA
1953-12-01,385970,2858845,NA,NA,NA,NA,NA,NA,NA,NA,NA,NA,NA,NA,NA,NA,NA,NA
1954-03-01,385345,2845192,NA,NA,NA,NA,NA,NA,NA,NA,NA,NA,NA,NA,NA,NA,NA,NA
1954-06-01,386121,2848305,NA,NA,NA,NA,NA,NA,NA,NA,NA,NA,NA,NA,NA,NA,NA,NA
1954-09-01,390996,2880482,NA,NA,NA,NA,NA,NA,NA,NA,NA,NA,NA,NA,NA,NA,NA,NA
1954-12-01,399734,2936852,NA,NA,NA,NA,NA,NA,NA,NA,NA,NA,NA,NA,NA,NA,NA,NA
1955-03-01,413073,3020746,NA,NA,NA,NA,NA,NA,NA,NA,NA,NA,NA,NA,NA,NA,NA,NA
1955-06-01,421532,3069910,NA,NA,NA,NA,NA,NA,NA,NA,NA,NA,NA,NA,NA,NA,NA,NA
1955-09-01,430221,3111379,NA,NA,NA,NA,NA,NA,NA,NA,NA,NA,NA,NA,NA,NA,NA,NA
1955-12-01,437092,3130068,NA,NA,NA,NA,NA,NA,NA,NA,NA,NA,NA,NA,NA,NA,NA,NA
1956-03-01,439746,3117922,NA,NA,NA,NA,NA,NA,NA,NA,NA,NA,NA,NA,NA,NA,NA,NA
1956-06-01,446010,3143694,NA,NA,NA,NA,NA,NA,NA,NA,NA,NA,NA,NA,NA,NA,NA,NA
1956-09-01,451191,3140874,NA,NA,NA,NA,NA,NA,NA,NA,NA,NA,NA,NA,NA,NA,NA,NA
1956-12-01,460463,3192570,NA,NA,NA,NA,NA,NA,NA,NA,NA,NA,NA,NA,NA,NA,NA,NA
1957-03-01,469779,3213011,NA,NA,NA,NA,NA,NA,NA,NA,NA,NA,NA,NA,NA,NA,NA,NA
1957-06-01,472025,3205970,NA,NA,NA,NA,NA,NA,NA,NA,NA,NA,NA,NA,NA,NA,NA,NA
1957-09-01,479490,3237386,NA,NA,NA,NA,NA,NA,NA,NA,NA,NA,NA,NA,NA,NA,NA,NA
1957-12-01,474864,3203894,NA,NA,NA,NA,NA,NA,NA,NA,NA,NA,NA,NA,NA,NA,NA,NA
1958-03-01,467540,3120724,NA,NA,NA,NA,NA,NA,NA,NA,NA,NA,NA,NA,NA,NA,NA,NA
1958-06-01,471978,3141224,NA,NA,NA,NA,NA,NA,NA,NA,NA,NA,NA,NA,NA,NA,NA,NA
1958-09-01,485841,3213884,NA,NA,NA,NA,NA,NA,NA,NA,NA,NA,NA,NA,NA,NA,NA,NA
1958-12-01,499555,3289032,NA,NA,NA,NA,NA,NA,NA,NA,NA,NA,NA,NA,NA,NA,NA,NA
1959-03-01,510330,3352129,NA,NA,NA,NA,NA,NA,NA,NA,5,NA,7,NA,NA,NA,3465,NA
1959-06-01,522653,3427667,NA,NA,NA,NA,NA,NA,NA,NA,2,NA,5,NA,NA,NA,3347,NA
1959-09-01,525034,3430057,NA,NA,NA,NA,NA,NA,NA,NA,17,NA,11,NA,NA,NA,3318,NA
1959-12-01,528600,3439832,NA,NA,NA,NA,NA,NA,NA,NA,56,NA,32,NA,NA,NA,3298,NA
1960-03-01,542648,3517181,NA,NA,NA,NA,NA,NA,NA,NA,118,NA,76,NA,NA,NA,3341,NA
1960-06-01,541080,3498246,NA,NA,NA,NA,NA,NA,NA,NA,176,NA,119,NA,NA,NA,3336,NA
1960-09-01,545604,3515385,NA,NA,NA,NA,NA,NA,NA,NA,215,NA,149,NA,NA,NA,3202,NA
1960-12-01,540197,3470278,NA,NA,NA,NA,NA,NA,NA,NA,259,NA,164,NA,NA,NA,3261,NA
1961-03-01,545018,3493703,NA,NA,NA,NA,NA,NA,NA,NA,225,NA,158,NA,NA,NA,3115,NA
1961-06-01,555545,3553021,NA,NA,NA,NA,NA,NA,NA,NA,260,NA,161,NA,NA,NA,3153,NA
1961-09-01,567664,3621252,NA,NA,NA,NA,NA,NA,NA,NA,273,NA,166,NA,NA,NA,3130,NA
1961-12-01,580612,3692289,NA,NA,NA,NA,NA,NA,NA,NA,286,NA,183,NA,NA,NA,3034,NA
1962-03-01,594013,3758147,NA,NA,NA,NA,NA,NA,NA,NA,293,NA,188,NA,NA,NA,3134,NA
1962-06-01,600366,3792149,NA,NA,NA,NA,NA,NA,NA,NA,298,NA,201,NA,NA,NA,3030,NA
1962-09-01,609027,3838776,NA,NA,NA,NA,NA,NA,NA,NA,350,NA,225,NA,NA,NA,3036,NA
1962-12-01,612280,3851421,NA,NA,NA,NA,NA,NA,NA,NA,447,NA,270,NA,NA,NA,3092,NA
1963-03-01,621672,3893482,NA,NA,NA,NA,NA,NA,NA,NA,576,NA,321,NA,NA,NA,3077,NA
1963-06-01,629752,3937183,NA,NA,NA,NA,NA,NA,NA,NA,717,NA,402,NA,NA,NA,3319,NA
1963-09-01,644444,4023755,NA,NA,NA,NA,NA,NA,NA,NA,806,NA,479,NA,NA,NA,3242,NA
1963-12-01,653938,4050147,NA,NA,NA,NA,NA,NA,NA,NA,841,NA,531,NA,NA,NA,3290,NA
1964-03-01,669822,4135553,NA,NA,NA,NA,NA,NA,NA,NA,950,NA,547,NA,NA,NA,3344,NA
1964-06-01,678674,4180592,NA,NA,NA,NA,NA,NA,NA,NA,947,NA,550,NA,NA,NA,3405,NA
1964-09-01,692031,4245918,NA,NA,NA,NA,NA,NA,NA,NA,888,NA,539,NA,NA,NA,3498,NA
1964-12-01,697319,4259046,NA,NA,NA,NA,NA,NA,NA,NA,927,NA,528,NA,NA,NA,3537,NA
1965-03-01,717790,4362111,NA,NA,NA,NA,NA,NA,NA,NA,1020,NA,576,NA,NA,NA,3725,NA
1965-06-01,730191,4417225,NA,NA,NA,NA,NA,NA,NA,NA,1076,NA,629,NA,NA,NA,3812,NA
1965-09-01,749323,4515427,NA,NA,NA,NA,NA,NA,NA,NA,1219,NA,708,NA,NA,NA,3963,NA
1965-12-01,771857,4619458,NA,NA,NA,NA,NA,NA,NA,NA,1341,NA,795,NA,NA,NA,4212,NA
1966-03-01,795734,4731888,NA,NA,NA,NA,NA,NA,NA,NA,1439,NA,873,NA,NA,NA,4467,NA
1966-06-01,804981,4748046,NA,NA,NA,NA,NA,NA,NA,NA,1621,NA,964,NA,NA,NA,4662,NA
1966-09-01,819638,4788254,NA,NA,NA,NA,NA,NA,NA,NA,1766,NA,1054,NA,NA,NA,4839,NA
1966-12-01,833302,4827537,NA,NA,NA,NA,NA,NA,NA,NA,1966,NA,1153,NA,NA,NA,4792,NA
1967-03-01,844170,4870299,9832,2204,2476,4172,528,NA,NA,NA,1860,NA,1171,NA,NA,NA,4988,NA
1967-06-01,848983,4873287,9932,2048,2396,4032,548,NA,NA,NA,1859,NA,1179,NA,NA,NA,5349,NA
1967-09-01,865233,4919392,9804,2072,2472,4160,532,NA,NA,NA,1818,NA,1155,NA,NA,NA,5585,NA
1967-12-01,881439,4956477,10168,2120,2472,4488,572,NA,NA,NA,1935,NA,1183,NA,NA,NA,5934,NA
1968-03-01,909387,5057553,10360,2164,2668,4868,552,NA,NA,NA,1871,NA,1229,NA,NA,NA,6223,NA
1968-06-01,934344,5142033,11076,2328,2700,5184,544,NA,NA,NA,1908,NA,1285,NA,NA,NA,6527,NA
1968-09-01,950825,5181859,11668,2500,2924,5644,632,NA,NA,NA,1979,NA,1343,NA,NA,NA,6749,NA
1968-12-01,968030,5202212,11340,2344,3068,5804,612,NA,NA,NA,1938,NA,1414,NA,NA,NA,6853,NA
1969-03-01,993337,5283597,10904,2332,2800,5496,668,NA,NA,NA,2096,NA,1516,NA,NA,NA,6499,NA
1969-06-01,1009020,5299625,12584,2692,3624,6796,716,NA,NA,NA,2408,NA,1679,NA,NA,NA,6429,NA
1969-09-01,1029956,5334600,12772,2704,3652,6796,840,NA,NA,NA,2564,NA,1885,NA,NA,NA,6379,NA
1969-12-01,1038147,5308556,13432,2688,3612,6860,920,NA,NA,NA,2696,NA,2080,NA,NA,NA,6621,NA
1970-03-01,1051200,5300652,13912,2808,3816,7072,1056,NA,NA,NA,3113,NA,2257,NA,NA,NA,6807,NA
1970-06-01,1067375,5308164,14856,2744,3912,7148,1196,NA,NA,NA,2950,NA,2369,NA,NA,NA,7111,NA
1970-09-01,1086059,5357077,14700,2760,4016,7564,1312,NA,NA,NA,2429,NA,2366,NA,NA,NA,7542,NA
1970-12-01,1088608,5299672,15168,2880,4168,7828,1384,NA,NA,NA,2396,NA,2292,NA,NA,NA,7628,NA
1971-03-01,1135156,5443619,15488,2808,4244,8016,1312,NA,NA,NA,2272,NA,2245,NA,NA,NA,7818,NA
1971-06-01,1156271,5473059,15364,2796,4432,8696,1256,NA,NA,NA,2793,NA,2342,NA,NA,NA,8013,NA
1971-09-01,1177675,5518072,15788,3304,4492,7912,1212,NA,NA,NA,2912,NA,2451,NA,NA,NA,8196,NA
1971-12-01,1190297,5531032,14848,2744,4168,8928,1268,NA,NA,NA,3119,NA,2602,NA,NA,NA,8053,NA
1972-03-01,1230609,5632649,16680,3488,5676,11144,1344,NA,296,NA,3717,NA,2683,NA,NA,NA,8708,NA
1972-06-01,1266369,5760470,16368,3324,5512,10644,1304,NA,268,NA,3446,NA,2759,NA,NA,NA,8711,NA
1972-09-01,1290566,5814854,16808,3620,5968,11112,1328,NA,244,NA,3498,NA,2840,NA,NA,NA,8852,NA
1972-12-01,1328904,5912220,17800,3900,6520,11516,1388,NA,252,NA,3231,NA,2831,NA,NA,NA,8957,NA
1973-03-01,1377490,6058544,19620,4256,7332,12632,1516,NA,308,NA,3430,NA,2979,NA,NA,NA,9293,NA
1973-06-01,1413887,6124506,21360,4676,8036,12780,1676,NA,344,NA,3666,NA,3130,NA,NA,NA,9753,NA
1973-09-01,1433838,6092301,22576,4952,8536,12952,1780,NA,384,NA,3398,NA,3294,NA,NA,NA,10150,NA
1973-12-01,1476289,6150131,24440,5316,9148,13204,1896,NA,364,NA,3662,NA,3478,NA,NA,NA,10372,NA
1974-03-01,1491209,6097258,27244,6084,8684,13008,2060,NA,360,NA,3455,NA,3578,NA,NA,NA,10645,NA
1974-06-01,1530056,6111751,29944,6608,9532,14584,2240,NA,380,NA,3188,NA,3695,NA,NA,NA,10660,NA
1974-09-01,1560026,6053978,31476,6528,10616,15276,2172,NA,404,NA,4426,NA,4001,NA,NA,NA,11108,NA
1974-12-01,1599679,6030464,34848,6376,10444,14652,2320,NA,416,NA,4403,NA,4374,NA,NA,NA,10955,NA
1975-03-01,1616116,5957035,35824,6248,10156,13072,2240,NA,416,NA,4084,NA,4803,NA,NA,NA,11070,NA
1975-06-01,1651853,5999610,36864,6204,9736,12344,2192,NA,380,NA,3535,NA,4827,NA,NA,NA,11636,NA
1975-09-01,1709820,6102326,36368,6632,9936,13036,2220,NA,400,NA,3273,NA,4749,NA,NA,NA,12146,NA
1975-12-01,1761831,6184530,37500,7156,10836,14392,2260,NA,424,NA,3452,NA,4741,NA,NA,NA,12724,NA
1976-03-01,1820487,6323649,37724,7660,11496,15616,2360,NA,496,NA,3677,NA,4818,NA,NA,NA,12506,NA
1976-06-01,1852332,6370025,39216,7980,11960,16444,2560,NA,532,NA,4391,NA,5088,NA,NA,NA,14193,NA
1976-09-01,1886558,6404895,39116,8008,12504,17816,2668,NA,576,NA,4512,NA,5330,NA,NA,NA,15128,NA
1976-12-01,1934273,6451177,40396,8440,13168,18784,2764,NA,656,NA,5028,NA,5580,NA,NA,NA,15169,NA
1977-03-01,1988648,6527703,38952,8584,12692,20560,3080,NA,592,NA,5210,NA,5454,NA,NA,NA,14357,NA
1977-06-01,2055909,6654466,39864,8792,13500,21728,3096,NA,636,NA,5629,NA,5483,NA,NA,NA,15084,NA
1977-09-01,2118473,6774457,40368,9520,14372,21736,3388,NA,676,NA,5753,NA,5454,NA,NA,NA,14886,NA
1977-12-01,2164270,6774592,39880,8828,15376,23160,3492,NA,736,NA,6068,NA,5512,NA,NA,NA,14793,NA
1978-03-01,2202760,6796260,41263,10038,17472,27550,3644,NA,848,NA,6271,NA,5726,NA,NA,NA,14912,NA
1978-06-01,2331633,7058920,46041,11550,19111,29588,4084,NA,992,NA,7343,NA,6103,NA,NA,NA,15568,NA
1978-09-01,2395053,7129915,48342,11426,19620,29845,4504,NA,960,NA,7955,NA,6520,NA,NA,NA,16189,NA
1978-12-01,2476949,7225750,54343,12506,20951,30506,4920,NA,1060,NA,8683,NA,7032,NA,NA,NA,16716,NA
1979-03-01,2526610,7238727,56321,12893,22538,29898,5324,NA,1140,NA,9300,NA,7452,NA,NA,NA,17159,NA
1979-06-01,2591247,7246454,58070,13554,24404,31092,5392,NA,1320,NA,9827,NA,7906,NA,NA,NA,17623,NA
1979-09-01,2667565,7300281,60688,13812,24556,31301,5748,NA,1212,NA,10408,NA,8351,NA,NA,NA,17993,NA
1979-12-01,2723883,7318535,65646,15659,26944,32756,6444,NA,1284,NA,11117,NA,8831,NA,NA,NA,18181,NA
1980-03-01,2789842,7341557,69845,19845,30452,33876,7032,NA,1344,NA,10947,NA,9142,NA,NA,NA,18760,NA
1980-06-01,2797352,7190289,76444,16774,31750,34432,7456,NA,1340,NA,11872,NA,9544,NA,NA,NA,19271,NA
1980-09-01,2856483,7181743,76896,16717,30728,33579,8188,NA,1576,NA,13477,NA,10055,NA,NA,NA,19818,NA
1980-12-01,2985557,7315677,81949,17668,33379,35183,8556,NA,1632,NA,13796,NA,10603,NA,NA,NA,20431,NA
1981-03-01,3124206,7459022,82860,17960,34585,37109,8764,NA,1684,NA,15397,NA,11087,NA,NA,NA,21123,NA
1981-06-01,3162532,7403745,87150,18191,36129,37618,8788,NA,1916,NA,15858,NA,11485,NA,NA,NA,21699,NA
1981-09-01,3260609,7492405,82504,17555,37109,37641,8992,NA,2000,NA,17247,NA,12038,NA,NA,NA,22095,NA
1981-12-01,3280818,7410768,84186,17080,40715,41125,9112,NA,2180,NA,20010,NA,12770,NA,NA,NA,22263,NA
1982-03-01,3274302,7295631,80241,16136,40115,40688,8823,NA,2319,NA,20802,NA,13739,NA,NA,NA,21970,NA
1982-06-01,3331972,7328912,79999,16686,40676,38566,9530,NA,2542,NA,18118,NA,14136,NA,NA,NA,21676,NA
1982-09-01,3366322,7300896,75624,16538,38171,40209,9376,NA,2882,NA,18343,NA,14193,NA,NA,NA,20988,NA
1982-12-01,3402561,7303817,70139,15154,34826,39224,9683,NA,3034,NA,18221,NA,14091,NA,NA,NA,19958,NA
1983-03-01,3473413,7400066,71382,14807,39402,44230,10224,NA,4440,NA,21312,NA,14828,NA,NA,NA,18932,NA
1983-06-01,3578848,7568456,71224,14790,40115,44512,10736,NA,5248,NA,23297,NA,15770,NA,NA,NA,18146,NA
1983-09-01,3689179,7719746,69819,14798,44678,47622,11352,NA,5744,NA,25166,NA,17018,NA,NA,NA,17819,NA
1983-12-01,3794706,7880794,74223,15305,50741,52741,11918,NA,6679,NA,25789,NA,17920,NA,NA,NA,17926,NA
1984-03-01,3908054,8034847,73805,14924,55152,57564,12500,NA,7361,NA,27681,NA,18726,NA,NA,NA,18266,NA
1984-06-01,4009601,8173670,76189,15096,60159,61324,13717,NA,8246,NA,30127,NA,19658,NA,NA,NA,18621,NA
1984-09-01,4084250,8252465,77097,15009,63317,62655,15186,NA,8779,NA,32938,NA,20872,NA,NA,NA,18680,NA
1984-12-01,4148551,8320199,80938,15309,62842,62834,15490,NA,8806,NA,35690,NA,22192,NA,NA,NA,18537,NA
1985-03-01,4230168,8400820,80196,14762,59953,64038,15409,NA,8267,NA,33313,NA,23002,NA,NA,NA,18170,NA
1985-06-01,4294887,8474787,81218,14595,60553,64614,15151,NA,8010,NA,35044,NA,23742,NA,NA,NA,17971,NA
1985-09-01,4386773,8604220,76638,14146,60176,66181,14276,NA,8241,NA,32405,NA,23850,NA,NA,NA,18143,NA
1985-12-01,4444094,8668188,79234,14875,64465,70508,13978,NA,8940,NA,34174,NA,24453,NA,NA,NA,18785,NA
1986-03-01,4507894,8749127,80080,15331,65949,73878,14366,NA,9685,NA,33662,NA,24755,NA,NA,NA,19957,NA
1986-06-01,4545340,8788524,82869,16388,72189,77975,15049,NA,10596,NA,34348,NA,25488,NA,NA,NA,20080,NA
1986-09-01,4607669,8872601,82431,16896,74488,81380,16114,NA,11526,NA,32340,NA,25821,NA,NA,NA,19305,NA
1986-12-01,4657627,8920193,85884,18304,75336,84183,17070,NA,12149,NA,33290,NA,26393,NA,NA,NA,17934,NA
1987-03-01,4722156,8986367,83754,18118,76062,85619,16545,NA,12966,NA,34971,NA,27307,NA,NA,NA,17167,NA
1987-06-01,4806160,9083256,88080,20179,83140,89611,18013,NA,14059,NA,35082,NA,28403,NA,NA,NA,16448,NA
1987-09-01,4884555,9162024,95469,20746,87796,88767,19404,NA,15406,NA,36333,NA,29579,NA,NA,NA,15845,NA
1987-12-01,5007994,9319332,103526,22186,93516,91300,21308,NA,16925,NA,36662,NA,30690,NA,NA,NA,15408,NA
1988-03-01,5073372,9367502,112332,23889,95835,94942,23120,NA,17506,NA,36618,NA,31501,NA,NA,NA,15110,NA
1988-06-01,5190036,9490594,117579,26624,101671,93614,23368,NA,18304,NA,37729,NA,32557,NA,NA,NA,15171,NA
1988-09-01,5282835,9546206,118804,27473,103647,96423,24040,NA,18846,NA,38578,NA,33883,NA,NA,NA,15516,NA
1988-12-01,5399509,9673405,127696,29940,107657,100717,25333,NA,18775,NA,38897,NA,35383,NA,NA,NA,16098,NA
1989-03-01,5511253,9771725,128196,33070,107154,101404,22486,NA,19626,NA,40999,NA,37319,NA,NA,NA,17629,NA
1989-06-01,5612463,9846293,137840,36607,113455,105238,24426,NA,20679,NA,43749,NA,39530,NA,NA,NA,18032,NA
1989-09-01,5695365,9919228,142967,35886,112826,103404,24825,NA,21835,NA,44275,NA,41852,NA,NA,NA,18059,NA
1989-12-01,5747237,9938767,138760,37927,115742,104485,24775,NA,23680,NA,43347,NA,43679,NA,NA,NA,17740,NA
1990-03-01,5872701,10047386,151441,40764,113724,105353,25730,NA,23202,NA,40949,NA,44636,NA,NA,NA,15949,NA
1990-06-01,5960028,10083855,152260,44259,115733,106280,25233,NA,22708,NA,38612,NA,45556,NA,NA,NA,15926,NA
1990-09-01,6015116,10090569,155218,44487,116511,104499,26605,NA,22511,NA,36552,NA,44742,NA,NA,NA,16519,NA
1990-12-01,6004733,9998704,153039,44501,119506,103712,25988,NA,23254,NA,38458,NA,46695,NA,NA,NA,17727,NA
1991-03-01,6035178,9951916,156773,46935,120331,104053,27420,NA,24968,NA,36366,NA,48101,NA,NA,NA,20564,NA
1991-06-01,6126862,10029510,167049,45941,120908,103073,27535,NA,25787,NA,36522,NA,48618,NA,NA,NA,22131,NA
1991-09-01,6205937,10080195,169596,46146,121325,106732,26911,NA,26571,NA,37561,NA,48690,NA,NA,NA,23398,NA
1991-12-01,6264540,10115329,173001,47284,121865,116746,27314,NA,26571,NA,40367,NA,49422,NA,NA,NA,24298,NA
1992-03-01,6363102,10236435,177007,49360,126170,117944,27518,NA,28100,NA,40147,NA,49294,NA,NA,NA,24330,NA
1992-06-01,6470763,10347429,171941,50605,132666,120877,29111,NA,30988,NA,44507,NA,50125,NA,NA,NA,24742,NA
1992-09-01,6566641,10449673,176839,52196,138733,124619,28984,NA,33502,NA,45933,NA,51363,NA,NA,NA,25085,NA
1992-12-01,6680803,10558648,179716,52777,141687,126251,29441,NA,34157,NA,45465,NA,53435,NA,NA,NA,25387,NA
1993-03-01,6729459,10576275,178962,53012,143502,129041,28912,NA,35833,NA,47722,NA,55408,NA,NA,NA,26681,NA
1993-06-01,6808939,10637847,180620,53860,152010,132278,28577,NA,37665,NA,46737,NA,56718,NA,NA,NA,23086,NA
1993-09-01,6882098,10688606,180890,55448,154526,136609,29462,NA,39120,NA,49235,NA,57962,NA,NA,NA,21462,NA
1993-12-01,7013738,10833987,190367,55519,162573,136864,30311,NA,39530,NA,48046,NA,58673,NA,NA,NA,22987,NA
1994-03-01,7115652,10939116,197126,55796,171206,138226,31346,NA,41998,NA,50057,NA,59289,NA,NA,NA,23442,NA
1994-06-01,7246931,11087361,201107,58583,180211,143508,32459,NA,45050,NA,51417,NA,59966,NA,NA,NA,20612,NA
1994-09-01,7331075,11152176,211872,61490,188613,147909,33907,NA,46974,NA,52338,NA,60838,NA,NA,NA,19879,NA
1994-12-01,7455288,11279932,212727,62975,200034,153967,35568,NA,50621,NA,55728,NA,61483,NA,NA,NA,20239,NA
1995-03-01,7522289,11319951,219824,62510,206232,158642,36480,NA,50488,NA,59089,NA,62673,NA,NA,NA,22069,NA
1995-06-01,7580997,11353721,230670,63576,220279,160797,37690,NA,53766,NA,65840,NA,64449,NA,NA,NA,23054,NA
1995-09-01,7683125,11450310,239534,65214,229029,161593,40778,NA,58368,NA,67047,NA,66445,NA,NA,NA,22110,NA
1995-12-01,7772586,11528067,247640,65309,233047,157850,43666,NA,62486,NA,72464,NA,68342,NA,NA,NA,20790,NA
1996-03-01,7868468,11614418,250267,67356,231449,165875,45304,NA,61785,NA,72466,NA,70472,NA,NA,NA,19134,NA
1996-06-01,8032840,11808140,251284,68508,225629,167934,43459,NA,60881,NA,71489,NA,72791,NA,NA,NA,17764,NA
1996-09-01,8131408,11914063,249285,69342,226265,175624,42729,NA,61043,NA,73526,NA,75410,NA,NA,NA,16532,NA
1996-12-01,8259771,12037775,264994,72087,230315,180693,43385,NA,62347,NA,73691,NA,79418,NA,NA,NA,16221,NA
1997-03-01,8362655,12115472,278657,74592,238771,184164,47192,NA,66922,NA,76542,NA,87358,NA,NA,NA,15079,NA
1997-06-01,8518825,12317221,295102,77459,250870,192331,50028,NA,70575,NA,80365,NA,91549,NA,NA,NA,15279,NA
1997-09-01,8662823,12471010,306706,77638,261317,199032,51347,NA,72548,NA,84922,NA,95827,NA,NA,NA,17168,NA
1997-12-01,8765907,12577495,302860,78435,263358,205320,48873,NA,70659,NA,83673,NA,100282,NA,NA,NA,17922,NA
1998-03-01,8866480,12703742,302210,77983,268668,212074,45906,NA,72712,NA,87722,NA,102492,NA,NA,NA,17989,NA
1998-06-01,8969699,12821339,292949,79741,269297,218384,45152,NA,71798,NA,88608,NA,105803,NA,NA,NA,23018,NA
1998-09-01,9121097,12982752,296578,80292,267418,220826,44202,NA,70886,NA,86447,NA,111121,NA,NA,NA,24480,NA
1998-12-01,9293991,13191670,307552,79458,273937,222625,45730,NA,74499,NA,88773,NA,117497,NA,NA,NA,21274,NA
1999-03-01,9411682,13315597,301979,78698,279226,231309,44670,NA,78376,NA,94516,NA,124347,NA,NA,NA,23830,NA
1999-06-01,9526210,13426748,301176,79387,291952,235965,46380,NA,81836,NA,99863,NA,134098,NA,NA,NA,19700,NA
1999-09-01,9686626,13604771,315380,81002,301234,248292,47484,NA,81747,NA,99497,NA,141883,NA,NA,NA,21581,NA
1999-12-01,9900169,13827980,326461,84383,311969,259032,48361,NA,83958,NA,95051,NA,146249,NA,NA,NA,23049,NA
2000-03-01,10002179,13878147,329471,87582,320962,269134,50836,NA,83278,NA,97560,NA,151800,NA,NA,NA,26463,NA
2000-06-01,10247720,14130908,356399,88685,346865,283073,55315,NA,89529,NA,104882,NA,156545,NA,NA,NA,26827,NA
2000-09-01,10318165,14145312,374198,91463,362912,289531,58909,NA,95954,NA,105786,NA,157222,NA,NA,NA,31558,NA
2000-12-01,10435744,14229765,367932,89491,360087,296798,57104,NA,90489,NA,104486,NA,161654,NA,NA,NA,32528,NA
2001-03-01,10470231,14183120,364229,92639,340383,294122,55309,NA,83329,NA,99654,NA,162629,NA,NA,NA,24296,NA
2001-06-01,10599000,14271694,331796,91464,301094,289020,48907,NA,75074,NA,89963,NA,159678,NA,NA,NA,31265,NA
2001-09-01,10598020,14214516,302058,85092,280994,285126,44612,NA,69539,NA,79827,NA,156484,NA,NA,NA,33065,NA
2001-12-01,10660465,14253574,288812,83943,274130,279948,41392,NA,68313,NA,80779,NA,151823,NA,NA,NA,37370,NA
2002-03-01,10783500,14372785,285155,82578,278923,290211,38572,NA,75384,NA,82500,NA,152099,NA,NA,NA,38527,NA
2002-06-01,10887460,14460848,293491,84285,287132,309475,39328,NA,76154,NA,79259,NA,152984,NA,NA,NA,32771,NA
2002-09-01,10984040,14519633,297157,85491,287078,321245,37870,NA,75560,NA,80483,NA,155749,NA,NA,NA,28813,NA
2002-12-01,11061433,14537580,285945,84938,286557,324393,38440,NA,73805,NA,76657,NA,149256,NA,NA,NA,30321,NA
2003-03-01,11174129,14614141,282842,86810,287232,330275,38489,NA,74540,NA,77262,NA,149954,NA,NA,NA,37001,NA
2003-06-01,11312766,14743567,283196,87782,293865,332118,37915,NA,75281,NA,77132,NA,151132,NA,NA,NA,34664,NA
2003-09-01,11566669,14988782,293135,91041,295970,338506,40520,NA,75980,NA,80651,NA,158266,NA,NA,NA,31572,NA
2003-12-01,11772234,15162760,315519,93874,313503,352635,42775,NA,80643,NA,84619,NA,160579,NA,NA,NA,31236,NA
2004-03-01,11923447,15248680,320857,97634,326312,360156,42167,NA,84160,NA,82061,NA,161505,NA,NA,NA,30100,NA
2004-06-01,12112815,15366850,326164,102582,342721,381177,42389,NA,87889,NA,83228,NA,162391,NA,NA,NA,25073,NA
2004-09-01,12305307,15512619,330207,104217,352655,377424,43156,NA,90662,NA,84527,NA,169338,NA,NA,NA,27332,NA
2004-12-01,12527214,15670880,332934,108347,362777,393691,43510,NA,92387,NA,86885,NA,171838,NA,NA,NA,27907,NA
2005-03-01,12767286,15844727,342124,111526,366192,410260,44305,NA,91516,NA,82661,NA,173112,NA,NA,NA,27280,NA
2005-06-01,12922656,15922782,358092,114121,384783,414822,46228,NA,92728,NA,82784,NA,178866,NA,NA,NA,29083,NA
2005-09-01,13142642,16047587,357350,115967,385021,410101,46074,NA,94218,NA,83899,NA,181192,NA,NA,NA,29383,NA
2005-12-01,13324204,16136734,376139,119299,395336,415756,45539,NA,95529,NA,87445,NA,181364,NA,NA,NA,31101,NA
2006-03-01,13599160,16353835,391576,123874,410142,432158,47577,NA,99369,NA,90610,NA,183935,NA,NA,NA,31763,NA
2006-06-01,13753424,16396151,403184,126999,418795,439287,48112,NA,100503,NA,91295,NA,187034,NA,NA,NA,32056,NA
2006-09-01,13870188,16420738,403791,129529,428767,451165,46504,NA,103262,NA,94789,NA,191207,NA,NA,NA,34016,NA
2006-12-01,14039560,16561866,417555,135733,432741,467977,48128,NA,103299,NA,93510,NA,196000,NA,NA,NA,36785,NA
2007-03-01,14215651,16611690,420446,141206,442005,484700,47858,30476,109120,82231,96238,69974,203154,169739,NA,NA,42008,50078
2007-06-01,14402082,16713314,424342,143992,446336,476357,44659,29324,104310,80009,92852,69351,203960,171015,NA,NA,50171,59122
2007-09-01,14564117,16809587,439519,147782,453550,473961,45121,29954,103637,79496,94677,72779,206779,173966,NA,NA,58243,67570
2007-12-01,14715058,16915191,447769,150473,454578,484011,44546,29791,104818,81092,97772,76675,211667,178507,NA,NA,66038,75262
2008-03-01,14706538,16843003,454366,157489,464950,490347,44271,30514,106339,84536,98184,79465,221310,186051,NA,NA,68862,76655
2008-06-01,14865701,16943291,470835,164626,476596,499004,46744,33082,108840,87213,97751,80370,224825,187977,NA,NA,67041,72629
2008-09-01,14898999,16854295,473248,167655,466526,497504,45809,33301,103148,84471,93562,78271,226912,189442,NA,NA,67998,71481
2008-12-01,14608209,16485350,432170,154859,426719,455861,38767,28857,86562,72172,86137,73308,222283,186245,NA,NA,73067,75512
2009-03-01,14430902,16298262,394253,145034,372203,424567,37107,28332,81425,69294,85261,73830,220584,185749,NA,NA,76880,80338
2009-06-01,14381236,16269145,377326,144183,352032,419387,35778,27581,84781,72824,86661,76684,223648,190009,NA,NA,76752,82395
2009-09-01,14448882,16326281,383718,149696,371118,426068,37665,29202,97938,84074,88455,79430,226289,193685,NA,NA,79198,87435
2009-12-01,14651249,16502754,410696,158233,400864,449391,40317,30802,112562,97506,95403,86938,233659,202779,NA,NA,71425,78450
2010-03-01,14764610,16582710,423757,162388,410366,455881,42266,33009,113419,98877,99228,90911,227614,199948,NA,NA,55977,60439
2010-06-01,14980193,16743162,443082,159597,442003,479514,43203,33440,119598,104370,102194,94067,222755,196824,NA,NA,65467,69151
2010-09-01,15141607,16872266,455538,163792,466257,503117,43797,34832,119684,104896,100787,93225,225567,200309,NA,NA,64670,67514
2010-12-01,15309474,16960864,468978,173860,482996,501971,45990,36956,116333,102774,96110,89303,229601,204333,NA,NA,78366,81317
2011-03-01,15351448,16920632,473313,169338,492310,509954,47353,38879,113130,102108,90959,85776,237012,210503,NA,NA,55789,57689
2011-06-01,15557539,17035114,493464,175371,508096,519355,48404,39853,120407,110239,95805,91419,245104,217871,NA,NA,62708,64336
2011-09-01,15647680,17031313,499749,176096,520792,515646,49339,41387,124582,115663,98485,95282,254462,226538,NA,NA,68524,69808
2011-12-01,15842259,17222583,510282,178069,532520,518518,48742,41288,120758,113353,97097,94523,262445,234394,NA,NA,70027,70731
2012-03-01,16068805,17367010,526490,177509,552832,513399,51319,41838,126481,118149,105863,102865,266002,238608,NA,NA,85191,85415
2012-06-01,16207115,17444525,525021,180830,556859,517870,49484,40682,124557,116968,104555,102183,272325,246779,NA,NA,88999,88702
2012-09-01,16319541,17469650,531082,182136,550018,521401,48298,40231,117689,110218,100525,98249,272038,247346,NA,NA,87359,86901
2012-12-01,16420419,17489852,527243,183500,547399,522615,47762,40100,120290,113217,103178,101218,277879,254150,NA,NA,84058,83402
2013-03-01,16648189,17662400,526274,182571,553416,529604,47691,40179,122962,115972,105183,103546,286253,262952,NA,NA,65690,65036
2013-06-01,16728687,17709671,539110,193405,551306,533550,48704,41165,118183,111289,99390,97809,279384,257564,NA,NA,74585,73599
2013-09-01,16953838,17860450,534488,186978,561491,530705,47848,40725,120705,113836,100353,98776,285989,265394,NA,NA,87327,85982
2013-12-01,17192019,18016147,539157,189417,569670,537647,48121,41110,122987,116337,103614,102199,290710,271340,NA,NA,97510,96175
2014-03-01,17197738,17953974,543101,192289,577326,545259,48924,41784,119535,113539,99772,98657,295454,276163,NA,NA,110189,109264
2014-06-01,17518508,18185911,550891,200743,597151,563660,49342,41933,119448,113214,102428,100843,301302,283457,NA,NA,104503,103717
2014-09-01,17804228,18406941,556602,200317,607846,553590,48919,42178,120296,114342,101572,99823,308195,291110,NA,NA,95873,95247
2014-12-01,17912079,18500031,556437,200241,612711,572290,48037,41603,128668,122462,103998,102198,309656,293760,NA,NA,82259,81618
2015-03-01,18063529,18666621,548878,199963,617374,592776,46443,40579,123064,117882,101982,100385,311071,297416,NA,NA,91730,91227
2015-06-01,18279784,18782243,545385,196338,612679,595448,46587,41829,119152,115627,101786,100724,312700,301515,NA,NA,105845,106155
2015-09-01,18401626,18857418,535141,196423,601498,603096,47401,43284,121900,119641,103189,102523,316580,305129,NA,NA,103318,104313
2015-12-01,18435137,18892206,529815,196547,597088,594348,46954,43403,116986,115685,98360,98016,324687,314188,NA,NA,97302,99129
2016-03-01,18525933,19001690,522230,190945,585082,585669,47061,44730,114912,114708,101444,101356,335765,325922,NA,NA,95062,97532
2016-06-01,18711702,19062709,520663,191805,596825,580690,46337,44735,114072,114040,100175,100151,343319,335156,NA,NA,100039,102821
2016-09-01,18892639,19197938,515801,195489,593049,582379,43854,43178,113069,113841,97466,97568,351724,345510,NA,NA,105356,107853
2016-12-01,19089379,19304352,521310,194792,599499,590862,42980,42852,116275,117788,98766,99592,360832,355269,NA,NA,108595,110453
2017-03-01,19280084,19398343,523822,195292,618203,590784,43770,43987,119375,120338,99800,99987,369359,366112,NA,NA,99505,99590
2017-06-01,19438643,19506949,523200,198372,632582,601858,45201,45042,125909,125990,104172,104407,378807,375936,NA,NA,89995,89594
2017-09-01,19692595,19660766,539192,195652,649225,588941,45843,45777,133924,133475,109819,109963,387227,388802,NA,NA,84901,84670
2017-12-01,20037088,19882352,548569,199442,671445,632296,49398,49405,134472,133877,109321,108755,396389,400931,NA,NA,84695,85242
2018-03-01,20328553,20044077,557039,204522,684186,647276,48841,48965,141481,140820,118369,117549,406838,414379,NA,NA,102115,104169
2018-06-01,20580912,20150476,567664,205671,696249,632618,50512,50525,143800,143099,122349,121574,419506,428604,NA,NA,95880,97948
2018-09-01,20798730,20276154,561407,203854,702201,643265,47855,47926,146182,145943,122066,121079,428905,440694,NA,NA,91089,92671
2018-12-01,20917867,20304874,567641,208003,694279,667478,50819,51402,137328,137953,118991,118331,435859,451897,NA,NA,88104,89057
2019-03-01,21111600,20431641,568777,210627,687443,665022,51206,52622,132232,134817,118754,118540,433210,450135,NA,NA,87480,87518
2019-06-01,21397938,20602275,545438,205702,684246,661135,49350,52307,136560,143088,123257,124919,442637,459065,NA,NA,106103,105089
2019-09-01,21717171,20843322,544429,204022,676962,664570,44194,47359,124426,132631,115679,118459,451805,469776,NA,NA,120110,117759
2019-12-01,21933217,20985448,544354,199576,667880,630443,42942,46665,129907,141811,117920,122312,461752,487129,NA,NA,127975,123986
2020-03-01,21751238,20709212,531626,187262,646459,605490,42571,46244,122769,135140,114983,119680,472588,502514,9524,8517,115476,110539
2020-06-01,19958291,19077992,399737,134350,586732,566974,37961,41107,147423,159619,125118,129839,470088,500784,8863,7911,108967,103898
2020-09-01,21704437,20558879,448060,178564,660938,670808,41422,45404,152844,164925,129751,134513,475410,509303,9284,8273,107965,102823
2020-12-01,22087160,20791917,473981,196458,694082,719632,42792,48507,160138,174789,136318,141710,494712,529969,9252,8242,109952,104616
2021-03-01,22680693,21082134,493998,192267,728630,749245,44989,50725,168215,183840,143705,148491,510612,559767,9559,8487,110311,104472
2021-06-01,23425910,21440929,527821,209458,758567,751668,46455,51048,161818,175131,143417,147509,528315,579786,9354,8150,112043,104176
2021-09-01,23982379,21617828,522466,228580,769129,745584,47044,50772,168182,178801,147152,149752,539449,594613,10317,8712,111766,101548
2021-12-01,24813600,21988737,541606,256903,797992,825844,48381,51656,179724,190413,154372,156282,554153,613205,10559,8045,107772,95349
2022-03-01,25250347,21932710,555002,237115,853443,888222,48595,50657,192370,202827,162608,161439,575858,645111,11012,7950,108367,93828
2022-06-01,25861292,21967045,564200,248370,866336,888460,48405,49468,181322,190416,159521,157193,595628,667031,12190,8369,111033,94087
2022-09-01,26336304,22125625,584289,249097,880861,807251,51489,53419,182930,193453,163695,161349,611122,681878,13433,8695,113019,94107
2022-12-01,26770514,22278345,589353,242874,879735,772145,51312,54929,162390,171248,155208,152022,621515,704014,13696,8627,111873,92434
2023-03-01,27216445,22439607,595098,270567,869865,769974,48571,52744,152557,163468,148085,144225,636090,708070,17298,10844,124704,103041
2023-06-01,27530055,22580499,591798,252622,855624,751294,48540,52336,153148,168465,147456,145040,638386,715185,18316,11509,129827,107417
2023-09-01,28074846,22840989,607351,260709,857222,755910,48755,52954,154554,170796,145642,143683,645436,725951,20330,12889,138097,115016
2023-12-01,28424722,23033780,617126,251835,874312,750742,50009,54555,162681,180770,155071,152694,658537,743521,24036,15225,144319,120660
2024-03-01,28708161,23082119,623894,256485,914952,771602,56682,62535,184123,205603,165506,162287,671394,763037,26386,16707,139368,117514
2024-06-01,29147044,23286508,639657,265871,952028,789019,69431,77637,214004,239514,175579,172040,687423,769906,29932,18909,137325,117009
2024-09-01,29511664,23478570,678072,262435,1016894,818686,79126,88409,245511,274764,187720,184085,702928,774661,32646,20616,135183,116460
2024-12-01,29825182,23586542,647001,253565,992432,845231,69072,76158,226030,249639,186118,181719,710239,780059,35601,22533,135177,117580
2025-03-01,30042113,23548210,702295,262916,1091906,1048890,79406,86392,304097,337998,222838,217095,726021,814344,36713,23176,139768,122342
2025-06-01,30485729,23770976,712418,264122,1098111,773844,100828,108703,336207,372154,253788,244796,745934,863792,40387,25487,139894,122140
2025-09-01,31098027,24026834,732980,276883,1114201,718765,114497,124327,358282,393204,280934,269386,765536,871492,41758,26158,138923,121135
2025-12-01,31422526,24055749,719433,272279,1216358,676717,108957,119535,435729,472646,325358,312047,781603,881716,44444,27382,141657,123235
2026-03-01,31865721,24180419,793117,257981,1383379,645363,146619,156800,556357,573525,384178,356117,797647,929056,47443,29025,144453,125072
2026-06-01,32486066,24269613,818641,262124,1511615,692086,146988,152081,588133,539991,400629,348430,816630,956775,53673,32734,146748,125899
