exhibit,block,date,revised,series,value
exhibit_1,NA,2024-01-01,FALSE,balance_total,-63925
exhibit_1,NA,2024-01-01,FALSE,balance_goods,-90735
exhibit_1,NA,2024-01-01,FALSE,balance_services,26810
exhibit_1,NA,2024-01-01,FALSE,exports_total,261614
exhibit_1,NA,2024-01-01,FALSE,exports_goods,170031
exhibit_1,NA,2024-01-01,FALSE,exports_services,91584
exhibit_1,NA,2024-01-01,FALSE,imports_total,325539
exhibit_1,NA,2024-01-01,FALSE,imports_goods,260766
exhibit_1,NA,2024-01-01,FALSE,imports_services,64774
exhibit_1,NA,2024-02-01,FALSE,balance_total,-63253
exhibit_1,NA,2024-02-01,FALSE,balance_goods,-90018
exhibit_1,NA,2024-02-01,FALSE,balance_services,26765
exhibit_1,NA,2024-02-01,FALSE,exports_total,268482
exhibit_1,NA,2024-02-01,FALSE,exports_goods,175003
exhibit_1,NA,2024-02-01,FALSE,exports_services,93479
exhibit_1,NA,2024-02-01,FALSE,imports_total,331735
exhibit_1,NA,2024-02-01,FALSE,imports_goods,265021
exhibit_1,NA,2024-02-01,FALSE,imports_services,66714
exhibit_1,NA,2024-03-01,FALSE,balance_total,-61925
exhibit_1,NA,2024-03-01,FALSE,balance_goods,-89983
exhibit_1,NA,2024-03-01,FALSE,balance_services,28058
exhibit_1,NA,2024-03-01,FALSE,exports_total,265484
exhibit_1,NA,2024-03-01,FALSE,exports_goods,171232
exhibit_1,NA,2024-03-01,FALSE,exports_services,94252
exhibit_1,NA,2024-03-01,FALSE,imports_total,327409
exhibit_1,NA,2024-03-01,FALSE,imports_goods,261215
exhibit_1,NA,2024-03-01,FALSE,imports_services,66194
exhibit_1,NA,2024-04-01,FALSE,balance_total,-70870
exhibit_1,NA,2024-04-01,FALSE,balance_goods,-98446
exhibit_1,NA,2024-04-01,FALSE,balance_services,27576
exhibit_1,NA,2024-04-01,FALSE,exports_total,267602
exhibit_1,NA,2024-04-01,FALSE,exports_goods,173479
exhibit_1,NA,2024-04-01,FALSE,exports_services,94123
exhibit_1,NA,2024-04-01,FALSE,imports_total,338472
exhibit_1,NA,2024-04-01,FALSE,imports_goods,271925
exhibit_1,NA,2024-04-01,FALSE,imports_services,66546
exhibit_1,NA,2024-05-01,FALSE,balance_total,-70299
exhibit_1,NA,2024-05-01,FALSE,balance_goods,-98244
exhibit_1,NA,2024-05-01,FALSE,balance_services,27946
exhibit_1,NA,2024-05-01,FALSE,exports_total,266462
exhibit_1,NA,2024-05-01,FALSE,exports_goods,171044
exhibit_1,NA,2024-05-01,FALSE,exports_services,95418
exhibit_1,NA,2024-05-01,FALSE,imports_total,336761
exhibit_1,NA,2024-05-01,FALSE,imports_goods,269289
exhibit_1,NA,2024-05-01,FALSE,imports_services,67472
exhibit_1,NA,2024-06-01,FALSE,balance_total,-71344
exhibit_1,NA,2024-06-01,FALSE,balance_goods,-98760
exhibit_1,NA,2024-06-01,FALSE,balance_services,27416
exhibit_1,NA,2024-06-01,FALSE,exports_total,269277
exhibit_1,NA,2024-06-01,FALSE,exports_goods,173502
exhibit_1,NA,2024-06-01,FALSE,exports_services,95775
exhibit_1,NA,2024-06-01,FALSE,imports_total,340621
exhibit_1,NA,2024-06-01,FALSE,imports_goods,272262
exhibit_1,NA,2024-06-01,FALSE,imports_services,68359
exhibit_1,NA,2024-07-01,FALSE,balance_total,-77000
exhibit_1,NA,2024-07-01,FALSE,balance_goods,-104126
exhibit_1,NA,2024-07-01,FALSE,balance_services,27126
exhibit_1,NA,2024-07-01,FALSE,exports_total,271296
exhibit_1,NA,2024-07-01,FALSE,exports_goods,174610
exhibit_1,NA,2024-07-01,FALSE,exports_services,96686
exhibit_1,NA,2024-07-01,FALSE,imports_total,348297
exhibit_1,NA,2024-07-01,FALSE,imports_goods,278736
exhibit_1,NA,2024-07-01,FALSE,imports_services,69560
exhibit_1,NA,2024-08-01,FALSE,balance_total,-71161
exhibit_1,NA,2024-08-01,FALSE,balance_goods,-97905
exhibit_1,NA,2024-08-01,FALSE,balance_services,26744
exhibit_1,NA,2024-08-01,FALSE,exports_total,275804
exhibit_1,NA,2024-08-01,FALSE,exports_goods,178079
exhibit_1,NA,2024-08-01,FALSE,exports_services,97725
exhibit_1,NA,2024-08-01,FALSE,imports_total,346965
exhibit_1,NA,2024-08-01,FALSE,imports_goods,275984
exhibit_1,NA,2024-08-01,FALSE,imports_services,70981
exhibit_1,NA,2024-09-01,FALSE,balance_total,-83301
exhibit_1,NA,2024-09-01,FALSE,balance_goods,-110716
exhibit_1,NA,2024-09-01,FALSE,balance_services,27415
exhibit_1,NA,2024-09-01,FALSE,exports_total,273291
exhibit_1,NA,2024-09-01,FALSE,exports_goods,174966
exhibit_1,NA,2024-09-01,FALSE,exports_services,98325
exhibit_1,NA,2024-09-01,FALSE,imports_total,356592
exhibit_1,NA,2024-09-01,FALSE,imports_goods,285682
exhibit_1,NA,2024-09-01,FALSE,imports_services,70910
exhibit_1,NA,2024-10-01,FALSE,balance_total,-75788
exhibit_1,NA,2024-10-01,FALSE,balance_goods,-102829
exhibit_1,NA,2024-10-01,FALSE,balance_services,27041
exhibit_1,NA,2024-10-01,FALSE,exports_total,269813
exhibit_1,NA,2024-10-01,FALSE,exports_goods,170966
exhibit_1,NA,2024-10-01,FALSE,exports_services,98847
exhibit_1,NA,2024-10-01,FALSE,imports_total,345601
exhibit_1,NA,2024-10-01,FALSE,imports_goods,273795
exhibit_1,NA,2024-10-01,FALSE,imports_services,71805
exhibit_1,NA,2024-11-01,FALSE,balance_total,-79756
exhibit_1,NA,2024-11-01,FALSE,balance_goods,-107072
exhibit_1,NA,2024-11-01,FALSE,balance_services,27316
exhibit_1,NA,2024-11-01,FALSE,exports_total,276655
exhibit_1,NA,2024-11-01,FALSE,exports_goods,176707
exhibit_1,NA,2024-11-01,FALSE,exports_services,99947
exhibit_1,NA,2024-11-01,FALSE,imports_total,356410
exhibit_1,NA,2024-11-01,FALSE,imports_goods,283779
exhibit_1,NA,2024-11-01,FALSE,imports_services,72631
exhibit_1,NA,2024-12-01,FALSE,balance_total,-96849
exhibit_1,NA,2024-12-01,FALSE,balance_goods,-123951
exhibit_1,NA,2024-12-01,FALSE,balance_services,27102
exhibit_1,NA,2024-12-01,FALSE,exports_total,270627
exhibit_1,NA,2024-12-01,FALSE,exports_goods,170109
exhibit_1,NA,2024-12-01,FALSE,exports_services,100517
exhibit_1,NA,2024-12-01,FALSE,imports_total,367476
exhibit_1,NA,2024-12-01,FALSE,imports_goods,294061
exhibit_1,NA,2024-12-01,FALSE,imports_services,73415
exhibit_1,NA,2025-01-01,FALSE,balance_total,-124704
exhibit_1,NA,2025-01-01,FALSE,balance_goods,-152761
exhibit_1,NA,2025-01-01,FALSE,balance_services,28057
exhibit_1,NA,2025-01-01,FALSE,exports_total,274827
exhibit_1,NA,2025-01-01,FALSE,exports_goods,173046
exhibit_1,NA,2025-01-01,FALSE,exports_services,101781
exhibit_1,NA,2025-01-01,FALSE,imports_total,399532
exhibit_1,NA,2025-01-01,FALSE,imports_goods,325808
exhibit_1,NA,2025-01-01,FALSE,imports_services,73724
exhibit_1,NA,2025-02-01,FALSE,balance_total,-117069
exhibit_1,NA,2025-02-01,FALSE,balance_goods,-144284
exhibit_1,NA,2025-02-01,FALSE,balance_services,27214
exhibit_1,NA,2025-02-01,FALSE,exports_total,280533
exhibit_1,NA,2025-02-01,FALSE,exports_goods,179391
exhibit_1,NA,2025-02-01,FALSE,exports_services,101142
exhibit_1,NA,2025-02-01,FALSE,imports_total,397602
exhibit_1,NA,2025-02-01,FALSE,imports_goods,323674
exhibit_1,NA,2025-02-01,FALSE,imports_services,73928
exhibit_1,NA,2025-03-01,FALSE,balance_total,-132983
exhibit_1,NA,2025-03-01,FALSE,balance_goods,-159453
exhibit_1,NA,2025-03-01,FALSE,balance_services,26470
exhibit_1,NA,2025-03-01,FALSE,exports_total,283369
exhibit_1,NA,2025-03-01,FALSE,exports_goods,182864
exhibit_1,NA,2025-03-01,FALSE,exports_services,100506
exhibit_1,NA,2025-03-01,FALSE,imports_total,416352
exhibit_1,NA,2025-03-01,FALSE,imports_goods,342316
exhibit_1,NA,2025-03-01,FALSE,imports_services,74036
exhibit_1,NA,2025-04-01,FALSE,balance_total,-60341
exhibit_1,NA,2025-04-01,FALSE,balance_goods,-86585
exhibit_1,NA,2025-04-01,FALSE,balance_services,26244
exhibit_1,NA,2025-04-01,FALSE,exports_total,290598
exhibit_1,NA,2025-04-01,FALSE,exports_goods,189917
exhibit_1,NA,2025-04-01,FALSE,exports_services,100681
exhibit_1,NA,2025-04-01,FALSE,imports_total,350939
exhibit_1,NA,2025-04-01,FALSE,imports_goods,276502
exhibit_1,NA,2025-04-01,FALSE,imports_services,74437
exhibit_1,NA,2025-05-01,FALSE,balance_total,-66748
exhibit_1,NA,2025-05-01,FALSE,balance_goods,-92774
exhibit_1,NA,2025-05-01,FALSE,balance_services,26026
exhibit_1,NA,2025-05-01,FALSE,exports_total,282229
exhibit_1,NA,2025-05-01,FALSE,exports_goods,181784
exhibit_1,NA,2025-05-01,FALSE,exports_services,100445
exhibit_1,NA,2025-05-01,FALSE,imports_total,348977
exhibit_1,NA,2025-05-01,FALSE,imports_goods,274558
exhibit_1,NA,2025-05-01,FALSE,imports_services,74419
exhibit_1,NA,2025-06-01,FALSE,balance_total,-58697
exhibit_1,NA,2025-06-01,FALSE,balance_goods,-85639
exhibit_1,NA,2025-06-01,FALSE,balance_services,26942
exhibit_1,NA,2025-06-01,FALSE,exports_total,281048
exhibit_1,NA,2025-06-01,FALSE,exports_goods,179101
exhibit_1,NA,2025-06-01,FALSE,exports_services,101947
exhibit_1,NA,2025-06-01,FALSE,imports_total,339745
exhibit_1,NA,2025-06-01,FALSE,imports_goods,264739
exhibit_1,NA,2025-06-01,FALSE,imports_services,75005
exhibit_1,NA,2025-07-01,FALSE,balance_total,-75062
exhibit_1,NA,2025-07-01,FALSE,balance_goods,-102645
exhibit_1,NA,2025-07-01,FALSE,balance_services,27583
exhibit_1,NA,2025-07-01,FALSE,exports_total,284172
exhibit_1,NA,2025-07-01,FALSE,exports_goods,179320
exhibit_1,NA,2025-07-01,FALSE,exports_services,104853
exhibit_1,NA,2025-07-01,FALSE,imports_total,359235
exhibit_1,NA,2025-07-01,FALSE,imports_goods,281965
exhibit_1,NA,2025-07-01,FALSE,imports_services,77270
exhibit_1,NA,2025-08-01,FALSE,balance_total,-59642
exhibit_1,NA,2025-08-01,FALSE,balance_goods,-88194
exhibit_1,NA,2025-08-01,FALSE,balance_services,28552
exhibit_1,NA,2025-08-01,FALSE,exports_total,284741
exhibit_1,NA,2025-08-01,FALSE,exports_goods,178393
exhibit_1,NA,2025-08-01,FALSE,exports_services,106348
exhibit_1,NA,2025-08-01,FALSE,imports_total,344383
exhibit_1,NA,2025-08-01,FALSE,imports_goods,266587
exhibit_1,NA,2025-08-01,FALSE,imports_services,77795
exhibit_1,NA,2025-09-01,FALSE,balance_total,-59392
exhibit_1,NA,2025-09-01,FALSE,balance_goods,-87897
exhibit_1,NA,2025-09-01,FALSE,balance_services,28505
exhibit_1,NA,2025-09-01,FALSE,exports_total,292352
exhibit_1,NA,2025-09-01,FALSE,exports_goods,186465
exhibit_1,NA,2025-09-01,FALSE,exports_services,105886
exhibit_1,NA,2025-09-01,FALSE,imports_total,351743
exhibit_1,NA,2025-09-01,FALSE,imports_goods,274362
exhibit_1,NA,2025-09-01,FALSE,imports_services,77381
exhibit_1,NA,2025-10-01,FALSE,balance_total,-37376
exhibit_1,NA,2025-10-01,FALSE,balance_goods,-65299
exhibit_1,NA,2025-10-01,FALSE,balance_services,27924
exhibit_1,NA,2025-10-01,FALSE,exports_total,301158
exhibit_1,NA,2025-10-01,FALSE,exports_goods,195879
exhibit_1,NA,2025-10-01,FALSE,exports_services,105279
exhibit_1,NA,2025-10-01,FALSE,imports_total,338534
exhibit_1,NA,2025-10-01,FALSE,imports_goods,261178
exhibit_1,NA,2025-10-01,FALSE,imports_services,77356
exhibit_1,NA,2025-11-01,FALSE,balance_total,-63868
exhibit_1,NA,2025-11-01,FALSE,balance_goods,-91473
exhibit_1,NA,2025-11-01,FALSE,balance_services,27604
exhibit_1,NA,2025-11-01,FALSE,exports_total,289504
exhibit_1,NA,2025-11-01,FALSE,exports_goods,184881
exhibit_1,NA,2025-11-01,FALSE,exports_services,104623
exhibit_1,NA,2025-11-01,FALSE,imports_total,353372
exhibit_1,NA,2025-11-01,FALSE,imports_goods,276354
exhibit_1,NA,2025-11-01,FALSE,imports_services,77018
exhibit_1,NA,2025-12-01,FALSE,balance_total,-76078
exhibit_1,NA,2025-12-01,FALSE,balance_goods,-102617
exhibit_1,NA,2025-12-01,FALSE,balance_services,26539
exhibit_1,NA,2025-12-01,FALSE,exports_total,285282
exhibit_1,NA,2025-12-01,FALSE,exports_goods,180880
exhibit_1,NA,2025-12-01,FALSE,exports_services,104402
exhibit_1,NA,2025-12-01,FALSE,imports_total,361360
exhibit_1,NA,2025-12-01,FALSE,imports_goods,283497
exhibit_1,NA,2025-12-01,FALSE,imports_services,77863
exhibit_1,NA,2026-01-01,TRUE,balance_total,-52670
exhibit_1,NA,2026-01-01,TRUE,balance_goods,-82285
exhibit_1,NA,2026-01-01,TRUE,balance_services,29615
exhibit_1,NA,2026-01-01,TRUE,exports_total,301271
exhibit_1,NA,2026-01-01,TRUE,exports_goods,194699
exhibit_1,NA,2026-01-01,TRUE,exports_services,106571
exhibit_1,NA,2026-01-01,TRUE,imports_total,353941
exhibit_1,NA,2026-01-01,TRUE,imports_goods,276984
exhibit_1,NA,2026-01-01,TRUE,imports_services,76956
exhibit_1,NA,2026-02-01,TRUE,balance_total,-52500
exhibit_1,NA,2026-02-01,TRUE,balance_goods,-82533
exhibit_1,NA,2026-02-01,TRUE,balance_services,30034
exhibit_1,NA,2026-02-01,TRUE,exports_total,313628
exhibit_1,NA,2026-02-01,TRUE,exports_goods,206055
exhibit_1,NA,2026-02-01,TRUE,exports_services,107572
exhibit_1,NA,2026-02-01,TRUE,imports_total,366127
exhibit_1,NA,2026-02-01,TRUE,imports_goods,288589
exhibit_1,NA,2026-02-01,TRUE,imports_services,77539
exhibit_1,NA,2026-03-01,TRUE,balance_total,-53657
exhibit_1,NA,2026-03-01,TRUE,balance_goods,-86112
exhibit_1,NA,2026-03-01,TRUE,balance_services,32455
exhibit_1,NA,2026-03-01,TRUE,exports_total,321163
exhibit_1,NA,2026-03-01,TRUE,exports_goods,212505
exhibit_1,NA,2026-03-01,TRUE,exports_services,108658
exhibit_1,NA,2026-03-01,TRUE,imports_total,374820
exhibit_1,NA,2026-03-01,TRUE,imports_goods,298617
exhibit_1,NA,2026-03-01,TRUE,imports_services,76203
exhibit_1,NA,2026-04-01,TRUE,balance_total,-52883
exhibit_1,NA,2026-04-01,TRUE,balance_goods,-83060
exhibit_1,NA,2026-04-01,TRUE,balance_services,30177
exhibit_1,NA,2026-04-01,TRUE,exports_total,329893
exhibit_1,NA,2026-04-01,TRUE,exports_goods,222014
exhibit_1,NA,2026-04-01,TRUE,exports_services,107879
exhibit_1,NA,2026-04-01,TRUE,imports_total,382776
exhibit_1,NA,2026-04-01,TRUE,imports_goods,305074
exhibit_1,NA,2026-04-01,TRUE,imports_services,77702
exhibit_1,NA,2026-05-01,TRUE,balance_total,-75752
exhibit_1,NA,2026-05-01,TRUE,balance_goods,-106269
exhibit_1,NA,2026-05-01,TRUE,balance_services,30517
exhibit_1,NA,2026-05-01,TRUE,exports_total,319979
exhibit_1,NA,2026-05-01,TRUE,exports_goods,211052
exhibit_1,NA,2026-05-01,TRUE,exports_services,108927
exhibit_1,NA,2026-05-01,TRUE,imports_total,395731
exhibit_1,NA,2026-05-01,TRUE,imports_goods,317321
exhibit_1,NA,2026-05-01,TRUE,imports_services,78410
exhibit_1,NA,2026-06-01,TRUE,balance_total,-71182
exhibit_1,NA,2026-06-01,TRUE,balance_goods,-101973
exhibit_1,NA,2026-06-01,TRUE,balance_services,30791
exhibit_1,NA,2026-06-01,TRUE,exports_total,317335
exhibit_1,NA,2026-06-01,TRUE,exports_goods,207248
exhibit_1,NA,2026-06-01,TRUE,exports_services,110087
exhibit_1,NA,2026-06-01,TRUE,imports_total,388517
exhibit_1,NA,2026-06-01,TRUE,imports_goods,309220
exhibit_1,NA,2026-06-01,TRUE,imports_services,79296
exhibit_1,NA,2026-07-01,FALSE,balance_total,-88576
exhibit_1,NA,2026-07-01,FALSE,balance_goods,-119592
exhibit_1,NA,2026-07-01,FALSE,balance_services,31016
exhibit_1,NA,2026-07-01,FALSE,exports_total,310723
exhibit_1,NA,2026-07-01,FALSE,exports_goods,201035
exhibit_1,NA,2026-07-01,FALSE,exports_services,109688
exhibit_1,NA,2026-07-01,FALSE,imports_total,399299
exhibit_1,NA,2026-07-01,FALSE,imports_goods,320627
exhibit_1,NA,2026-07-01,FALSE,imports_services,78672
exhibit_6,exports,2025-01-01,FALSE,total_bop,173046
exhibit_6,exports,2025-01-01,FALSE,net_adjustments,975
exhibit_6,exports,2025-01-01,FALSE,total_census,172071
exhibit_6,exports,2025-01-01,FALSE,0,13392
exhibit_6,exports,2025-01-01,FALSE,1,59437
exhibit_6,exports,2025-01-01,FALSE,2,56682
exhibit_6,exports,2025-01-01,FALSE,3,13150
exhibit_6,exports,2025-01-01,FALSE,4,21725
exhibit_6,exports,2025-01-01,FALSE,5,7687
exhibit_6,exports,2025-02-01,FALSE,total_bop,179391
exhibit_6,exports,2025-02-01,FALSE,net_adjustments,2788
exhibit_6,exports,2025-02-01,FALSE,total_census,176602
exhibit_6,exports,2025-02-01,FALSE,0,12817
exhibit_6,exports,2025-02-01,FALSE,1,61604
exhibit_6,exports,2025-02-01,FALSE,2,58442
exhibit_6,exports,2025-02-01,FALSE,3,14500
exhibit_6,exports,2025-02-01,FALSE,4,22219
exhibit_6,exports,2025-02-01,FALSE,5,7021
exhibit_6,exports,2025-03-01,FALSE,total_bop,182864
exhibit_6,exports,2025-03-01,FALSE,net_adjustments,1479
exhibit_6,exports,2025-03-01,FALSE,total_census,181385
exhibit_6,exports,2025-03-01,FALSE,0,14061
exhibit_6,exports,2025-03-01,FALSE,1,64293
exhibit_6,exports,2025-03-01,FALSE,2,58315
exhibit_6,exports,2025-03-01,FALSE,3,15242
exhibit_6,exports,2025-03-01,FALSE,4,21847
exhibit_6,exports,2025-03-01,FALSE,5,7627
exhibit_6,exports,2025-04-01,FALSE,total_bop,189917
exhibit_6,exports,2025-04-01,FALSE,net_adjustments,757
exhibit_6,exports,2025-04-01,FALSE,total_census,189160
exhibit_6,exports,2025-04-01,FALSE,0,13416
exhibit_6,exports,2025-04-01,FALSE,1,75094
exhibit_6,exports,2025-04-01,FALSE,2,59268
exhibit_6,exports,2025-04-01,FALSE,3,12984
exhibit_6,exports,2025-04-01,FALSE,4,20829
exhibit_6,exports,2025-04-01,FALSE,5,7568
exhibit_6,exports,2025-05-01,FALSE,total_bop,181784
exhibit_6,exports,2025-05-01,FALSE,net_adjustments,673
exhibit_6,exports,2025-05-01,FALSE,total_census,181110
exhibit_6,exports,2025-05-01,FALSE,0,13078
exhibit_6,exports,2025-05-01,FALSE,1,67152
exhibit_6,exports,2025-05-01,FALSE,2,58234
exhibit_6,exports,2025-05-01,FALSE,3,13400
exhibit_6,exports,2025-05-01,FALSE,4,21778
exhibit_6,exports,2025-05-01,FALSE,5,7468
exhibit_6,exports,2025-06-01,FALSE,total_bop,179101
exhibit_6,exports,2025-06-01,FALSE,net_adjustments,717
exhibit_6,exports,2025-06-01,FALSE,total_census,178384
exhibit_6,exports,2025-06-01,FALSE,0,13559
exhibit_6,exports,2025-06-01,FALSE,1,60688
exhibit_6,exports,2025-06-01,FALSE,2,59647
exhibit_6,exports,2025-06-01,FALSE,3,13677
exhibit_6,exports,2025-06-01,FALSE,4,23070
exhibit_6,exports,2025-06-01,FALSE,5,7743
exhibit_6,exports,2025-07-01,FALSE,total_bop,179320
exhibit_6,exports,2025-07-01,FALSE,net_adjustments,853
exhibit_6,exports,2025-07-01,FALSE,total_census,178467
exhibit_6,exports,2025-07-01,FALSE,0,13596
exhibit_6,exports,2025-07-01,FALSE,1,60196
exhibit_6,exports,2025-07-01,FALSE,2,60260
exhibit_6,exports,2025-07-01,FALSE,3,13391
exhibit_6,exports,2025-07-01,FALSE,4,22983
exhibit_6,exports,2025-07-01,FALSE,5,8041
exhibit_6,exports,2025-08-01,FALSE,total_bop,178393
exhibit_6,exports,2025-08-01,FALSE,net_adjustments,743
exhibit_6,exports,2025-08-01,FALSE,total_census,177650
exhibit_6,exports,2025-08-01,FALSE,0,13530
exhibit_6,exports,2025-08-01,FALSE,1,59565
exhibit_6,exports,2025-08-01,FALSE,2,62338
exhibit_6,exports,2025-08-01,FALSE,3,12852
exhibit_6,exports,2025-08-01,FALSE,4,21498
exhibit_6,exports,2025-08-01,FALSE,5,7866
exhibit_6,exports,2025-09-01,FALSE,total_bop,186465
exhibit_6,exports,2025-09-01,FALSE,net_adjustments,761
exhibit_6,exports,2025-09-01,FALSE,total_census,185704
exhibit_6,exports,2025-09-01,FALSE,0,13812
exhibit_6,exports,2025-09-01,FALSE,1,66842
exhibit_6,exports,2025-09-01,FALSE,2,59029
exhibit_6,exports,2025-09-01,FALSE,3,12810
exhibit_6,exports,2025-09-01,FALSE,4,24930
exhibit_6,exports,2025-09-01,FALSE,5,8281
exhibit_6,exports,2025-10-01,FALSE,total_bop,195879
exhibit_6,exports,2025-10-01,FALSE,net_adjustments,716
exhibit_6,exports,2025-10-01,FALSE,total_census,195163
exhibit_6,exports,2025-10-01,FALSE,0,13515
exhibit_6,exports,2025-10-01,FALSE,1,77665
exhibit_6,exports,2025-10-01,FALSE,2,58659
exhibit_6,exports,2025-10-01,FALSE,3,13251
exhibit_6,exports,2025-10-01,FALSE,4,23935
exhibit_6,exports,2025-10-01,FALSE,5,8140
exhibit_6,exports,2025-11-01,FALSE,total_bop,184881
exhibit_6,exports,2025-11-01,FALSE,net_adjustments,701
exhibit_6,exports,2025-11-01,FALSE,total_census,184180
exhibit_6,exports,2025-11-01,FALSE,0,13156
exhibit_6,exports,2025-11-01,FALSE,1,69989
exhibit_6,exports,2025-11-01,FALSE,2,59634
exhibit_6,exports,2025-11-01,FALSE,3,12644
exhibit_6,exports,2025-11-01,FALSE,4,21019
exhibit_6,exports,2025-11-01,FALSE,5,7738
exhibit_6,exports,2025-12-01,FALSE,total_bop,180880
exhibit_6,exports,2025-12-01,FALSE,net_adjustments,866
exhibit_6,exports,2025-12-01,FALSE,total_census,180014
exhibit_6,exports,2025-12-01,FALSE,0,13232
exhibit_6,exports,2025-12-01,FALSE,1,61830
exhibit_6,exports,2025-12-01,FALSE,2,61672
exhibit_6,exports,2025-12-01,FALSE,3,12442
exhibit_6,exports,2025-12-01,FALSE,4,22768
exhibit_6,exports,2025-12-01,FALSE,5,8070
exhibit_6,exports,2026-01-01,TRUE,total_bop,194699
exhibit_6,exports,2026-01-01,TRUE,net_adjustments,767
exhibit_6,exports,2026-01-01,TRUE,total_census,193933
exhibit_6,exports,2026-01-01,TRUE,0,14181
exhibit_6,exports,2026-01-01,TRUE,1,71334
exhibit_6,exports,2026-01-01,TRUE,2,66253
exhibit_6,exports,2026-01-01,TRUE,3,11506
exhibit_6,exports,2026-01-01,TRUE,4,20053
exhibit_6,exports,2026-01-01,TRUE,5,10605
exhibit_6,exports,2026-02-01,TRUE,total_bop,206055
exhibit_6,exports,2026-02-01,TRUE,net_adjustments,793
exhibit_6,exports,2026-02-01,TRUE,total_census,205262
exhibit_6,exports,2026-02-01,TRUE,0,14004
exhibit_6,exports,2026-02-01,TRUE,1,81574
exhibit_6,exports,2026-02-01,TRUE,2,65136
exhibit_6,exports,2026-02-01,TRUE,3,12927
exhibit_6,exports,2026-02-01,TRUE,4,23076
exhibit_6,exports,2026-02-01,TRUE,5,8545
exhibit_6,exports,2026-03-01,TRUE,total_bop,212505
exhibit_6,exports,2026-03-01,TRUE,net_adjustments,1033
exhibit_6,exports,2026-03-01,TRUE,total_census,211472
exhibit_6,exports,2026-03-01,TRUE,0,15035
exhibit_6,exports,2026-03-01,TRUE,1,86458
exhibit_6,exports,2026-03-01,TRUE,2,66268
exhibit_6,exports,2026-03-01,TRUE,3,13201
exhibit_6,exports,2026-03-01,TRUE,4,21129
exhibit_6,exports,2026-03-01,TRUE,5,9382
exhibit_6,exports,2026-04-01,TRUE,total_bop,222014
exhibit_6,exports,2026-04-01,TRUE,net_adjustments,1906
exhibit_6,exports,2026-04-01,TRUE,total_census,220108
exhibit_6,exports,2026-04-01,TRUE,0,15022
exhibit_6,exports,2026-04-01,TRUE,1,88931
exhibit_6,exports,2026-04-01,TRUE,2,70339
exhibit_6,exports,2026-04-01,TRUE,3,12977
exhibit_6,exports,2026-04-01,TRUE,4,22796
exhibit_6,exports,2026-04-01,TRUE,5,10042
exhibit_6,exports,2026-05-01,TRUE,total_bop,211052
exhibit_6,exports,2026-05-01,TRUE,net_adjustments,1872
exhibit_6,exports,2026-05-01,TRUE,total_census,209180
exhibit_6,exports,2026-05-01,TRUE,0,15585
exhibit_6,exports,2026-05-01,TRUE,1,83626
exhibit_6,exports,2026-05-01,TRUE,2,66856
exhibit_6,exports,2026-05-01,TRUE,3,12843
exhibit_6,exports,2026-05-01,TRUE,4,20728
exhibit_6,exports,2026-05-01,TRUE,5,9543
exhibit_6,exports,2026-06-01,TRUE,total_bop,207248
exhibit_6,exports,2026-06-01,TRUE,net_adjustments,1634
exhibit_6,exports,2026-06-01,TRUE,total_census,205614
exhibit_6,exports,2026-06-01,TRUE,0,15124
exhibit_6,exports,2026-06-01,TRUE,1,80259
exhibit_6,exports,2026-06-01,TRUE,2,66259
exhibit_6,exports,2026-06-01,TRUE,3,13621
exhibit_6,exports,2026-06-01,TRUE,4,21315
exhibit_6,exports,2026-06-01,TRUE,5,9036
exhibit_6,exports,2026-07-01,FALSE,total_bop,201035
exhibit_6,exports,2026-07-01,FALSE,net_adjustments,1346
exhibit_6,exports,2026-07-01,FALSE,total_census,199689
exhibit_6,exports,2026-07-01,FALSE,0,14971
exhibit_6,exports,2026-07-01,FALSE,1,71592
exhibit_6,exports,2026-07-01,FALSE,2,68143
exhibit_6,exports,2026-07-01,FALSE,3,13529
exhibit_6,exports,2026-07-01,FALSE,4,23035
exhibit_6,exports,2026-07-01,FALSE,5,8419
exhibit_6,imports,2025-01-01,FALSE,total_bop,325808
exhibit_6,imports,2025-01-01,FALSE,net_adjustments,2032
exhibit_6,imports,2025-01-01,FALSE,total_census,323776
exhibit_6,imports,2025-01-01,FALSE,0,19833
exhibit_6,imports,2025-01-01,FALSE,1,89482
exhibit_6,imports,2025-01-01,FALSE,2,88754
exhibit_6,imports,2025-01-01,FALSE,3,37625
exhibit_6,imports,2025-01-01,FALSE,4,75899
exhibit_6,imports,2025-01-01,FALSE,5,12183
exhibit_6,imports,2025-02-01,FALSE,total_bop,323674
exhibit_6,imports,2025-02-01,FALSE,net_adjustments,2170
exhibit_6,imports,2025-02-01,FALSE,total_census,321504
exhibit_6,imports,2025-02-01,FALSE,0,19189
exhibit_6,imports,2025-02-01,FALSE,1,84255
exhibit_6,imports,2025-02-01,FALSE,2,89704
exhibit_6,imports,2025-02-01,FALSE,3,37800
exhibit_6,imports,2025-02-01,FALSE,4,78590
exhibit_6,imports,2025-02-01,FALSE,5,11966
exhibit_6,imports,2025-03-01,FALSE,total_bop,342316
exhibit_6,imports,2025-03-01,FALSE,net_adjustments,2202
exhibit_6,imports,2025-03-01,FALSE,total_census,340114
exhibit_6,imports,2025-03-01,FALSE,0,19302
exhibit_6,imports,2025-03-01,FALSE,1,73446
exhibit_6,imports,2025-03-01,FALSE,2,93126
exhibit_6,imports,2025-03-01,FALSE,3,40558
exhibit_6,imports,2025-03-01,FALSE,4,101633
exhibit_6,imports,2025-03-01,FALSE,5,12050
exhibit_6,imports,2025-04-01,FALSE,total_bop,276502
exhibit_6,imports,2025-04-01,FALSE,net_adjustments,1803
exhibit_6,imports,2025-04-01,FALSE,total_census,274699
exhibit_6,imports,2025-04-01,FALSE,0,18475
exhibit_6,imports,2025-04-01,FALSE,1,51499
exhibit_6,imports,2025-04-01,FALSE,2,90488
exhibit_6,imports,2025-04-01,FALSE,3,33149
exhibit_6,imports,2025-04-01,FALSE,4,69130
exhibit_6,imports,2025-04-01,FALSE,5,11958
exhibit_6,imports,2025-05-01,FALSE,total_bop,274558
exhibit_6,imports,2025-05-01,FALSE,net_adjustments,1902
exhibit_6,imports,2025-05-01,FALSE,total_census,272656
exhibit_6,imports,2025-05-01,FALSE,0,18246
exhibit_6,imports,2025-05-01,FALSE,1,50045
exhibit_6,imports,2025-05-01,FALSE,2,89851
exhibit_6,imports,2025-05-01,FALSE,3,36360
exhibit_6,imports,2025-05-01,FALSE,4,65513
exhibit_6,imports,2025-05-01,FALSE,5,12641
exhibit_6,imports,2025-06-01,FALSE,total_bop,264739
exhibit_6,imports,2025-06-01,FALSE,net_adjustments,2183
exhibit_6,imports,2025-06-01,FALSE,total_census,262557
exhibit_6,imports,2025-06-01,FALSE,0,17995
exhibit_6,imports,2025-06-01,FALSE,1,48029
exhibit_6,imports,2025-06-01,FALSE,2,91337
exhibit_6,imports,2025-06-01,FALSE,3,35252
exhibit_6,imports,2025-06-01,FALSE,4,57644
exhibit_6,imports,2025-06-01,FALSE,5,12300
exhibit_6,imports,2025-07-01,FALSE,total_bop,281965
exhibit_6,imports,2025-07-01,FALSE,net_adjustments,2213
exhibit_6,imports,2025-07-01,FALSE,total_census,279752
exhibit_6,imports,2025-07-01,FALSE,0,18396
exhibit_6,imports,2025-07-01,FALSE,1,60309
exhibit_6,imports,2025-07-01,FALSE,2,95413
exhibit_6,imports,2025-07-01,FALSE,3,34053
exhibit_6,imports,2025-07-01,FALSE,4,58757
exhibit_6,imports,2025-07-01,FALSE,5,12823
exhibit_6,imports,2025-08-01,FALSE,total_bop,266587
exhibit_6,imports,2025-08-01,FALSE,net_adjustments,3781
exhibit_6,imports,2025-08-01,FALSE,total_census,262806
exhibit_6,imports,2025-08-01,FALSE,0,16913
exhibit_6,imports,2025-08-01,FALSE,1,49141
exhibit_6,imports,2025-08-01,FALSE,2,92760
exhibit_6,imports,2025-08-01,FALSE,3,34594
exhibit_6,imports,2025-08-01,FALSE,4,55657
exhibit_6,imports,2025-08-01,FALSE,5,13742
exhibit_6,imports,2025-09-01,FALSE,total_bop,274362
exhibit_6,imports,2025-09-01,FALSE,net_adjustments,5927
exhibit_6,imports,2025-09-01,FALSE,total_census,268435
exhibit_6,imports,2025-09-01,FALSE,0,16771
exhibit_6,imports,2025-09-01,FALSE,1,49450
exhibit_6,imports,2025-09-01,FALSE,2,88821
exhibit_6,imports,2025-09-01,FALSE,3,33495
exhibit_6,imports,2025-09-01,FALSE,4,67398
exhibit_6,imports,2025-09-01,FALSE,5,12500
exhibit_6,imports,2025-10-01,FALSE,total_bop,261178
exhibit_6,imports,2025-10-01,FALSE,net_adjustments,4574
exhibit_6,imports,2025-10-01,FALSE,total_census,256604
exhibit_6,imports,2025-10-01,FALSE,0,16447
exhibit_6,imports,2025-10-01,FALSE,1,46989
exhibit_6,imports,2025-10-01,FALSE,2,95227
exhibit_6,imports,2025-10-01,FALSE,3,32944
exhibit_6,imports,2025-10-01,FALSE,4,52682
exhibit_6,imports,2025-10-01,FALSE,5,12315
exhibit_6,imports,2025-11-01,FALSE,total_bop,276354
exhibit_6,imports,2025-11-01,FALSE,net_adjustments,5340
exhibit_6,imports,2025-11-01,FALSE,total_census,271014
exhibit_6,imports,2025-11-01,FALSE,0,16825
exhibit_6,imports,2025-11-01,FALSE,1,44779
exhibit_6,imports,2025-11-01,FALSE,2,102606
exhibit_6,imports,2025-11-01,FALSE,3,32730
exhibit_6,imports,2025-11-01,FALSE,4,60363
exhibit_6,imports,2025-11-01,FALSE,5,13711
exhibit_6,imports,2025-12-01,FALSE,total_bop,283497
exhibit_6,imports,2025-12-01,FALSE,net_adjustments,2903
exhibit_6,imports,2025-12-01,FALSE,total_census,280595
exhibit_6,imports,2025-12-01,FALSE,0,16992
exhibit_6,imports,2025-12-01,FALSE,1,50911
exhibit_6,imports,2025-12-01,FALSE,2,108785
exhibit_6,imports,2025-12-01,FALSE,3,33443
exhibit_6,imports,2025-12-01,FALSE,4,57075
exhibit_6,imports,2025-12-01,FALSE,5,13388
exhibit_6,imports,2026-01-01,TRUE,total_bop,276984
exhibit_6,imports,2026-01-01,TRUE,net_adjustments,4028
exhibit_6,imports,2026-01-01,TRUE,total_census,272956
exhibit_6,imports,2026-01-01,TRUE,0,16736
exhibit_6,imports,2026-01-01,TRUE,1,48809
exhibit_6,imports,2026-01-01,TRUE,2,110784
exhibit_6,imports,2026-01-01,TRUE,3,30677
exhibit_6,imports,2026-01-01,TRUE,4,51622
exhibit_6,imports,2026-01-01,TRUE,5,14330
exhibit_6,imports,2026-02-01,TRUE,total_bop,288589
exhibit_6,imports,2026-02-01,TRUE,net_adjustments,1590
exhibit_6,imports,2026-02-01,TRUE,total_census,286999
exhibit_6,imports,2026-02-01,TRUE,0,16822
exhibit_6,imports,2026-02-01,TRUE,1,51813
exhibit_6,imports,2026-02-01,TRUE,2,118237
exhibit_6,imports,2026-02-01,TRUE,3,32172
exhibit_6,imports,2026-02-01,TRUE,4,54040
exhibit_6,imports,2026-02-01,TRUE,5,13914
exhibit_6,imports,2026-03-01,TRUE,total_bop,298617
exhibit_6,imports,2026-03-01,TRUE,net_adjustments,2026
exhibit_6,imports,2026-03-01,TRUE,total_census,296591
exhibit_6,imports,2026-03-01,TRUE,0,17407
exhibit_6,imports,2026-03-01,TRUE,1,54286
exhibit_6,imports,2026-03-01,TRUE,2,119926
exhibit_6,imports,2026-03-01,TRUE,3,35196
exhibit_6,imports,2026-03-01,TRUE,4,56552
exhibit_6,imports,2026-03-01,TRUE,5,13223
exhibit_6,imports,2026-04-01,TRUE,total_bop,305074
exhibit_6,imports,2026-04-01,TRUE,net_adjustments,2735
exhibit_6,imports,2026-04-01,TRUE,total_census,302339
exhibit_6,imports,2026-04-01,TRUE,0,17457
exhibit_6,imports,2026-04-01,TRUE,1,53221
exhibit_6,imports,2026-04-01,TRUE,2,126893
exhibit_6,imports,2026-04-01,TRUE,3,34671
exhibit_6,imports,2026-04-01,TRUE,4,56263
exhibit_6,imports,2026-04-01,TRUE,5,13835
exhibit_6,imports,2026-05-01,TRUE,total_bop,317321
exhibit_6,imports,2026-05-01,TRUE,net_adjustments,2814
exhibit_6,imports,2026-05-01,TRUE,total_census,314507
exhibit_6,imports,2026-05-01,TRUE,0,18237
exhibit_6,imports,2026-05-01,TRUE,1,56308
exhibit_6,imports,2026-05-01,TRUE,2,128033
exhibit_6,imports,2026-05-01,TRUE,3,36894
exhibit_6,imports,2026-05-01,TRUE,4,59762
exhibit_6,imports,2026-05-01,TRUE,5,15275
exhibit_6,imports,2026-06-01,TRUE,total_bop,309220
exhibit_6,imports,2026-06-01,TRUE,net_adjustments,2552
exhibit_6,imports,2026-06-01,TRUE,total_census,306668
exhibit_6,imports,2026-06-01,TRUE,0,17758
exhibit_6,imports,2026-06-01,TRUE,1,55317
exhibit_6,imports,2026-06-01,TRUE,2,125869
exhibit_6,imports,2026-06-01,TRUE,3,35897
exhibit_6,imports,2026-06-01,TRUE,4,57685
exhibit_6,imports,2026-06-01,TRUE,5,14142
exhibit_6,imports,2026-07-01,FALSE,total_bop,320627
exhibit_6,imports,2026-07-01,FALSE,net_adjustments,1997
exhibit_6,imports,2026-07-01,FALSE,total_census,318630
exhibit_6,imports,2026-07-01,FALSE,0,17631
exhibit_6,imports,2026-07-01,FALSE,1,53528
exhibit_6,imports,2026-07-01,FALSE,2,140264
exhibit_6,imports,2026-07-01,FALSE,3,35388
exhibit_6,imports,2026-07-01,FALSE,4,57964
exhibit_6,imports,2026-07-01,FALSE,5,13854
